Sentence #	Word	POS	Tag
Sentence: 1	Vale	VERB	O
	a	DET	O
	pena	NOUN	O
	cada	DET	B-asp
	centavo	NOUN	I-asp
	investido	VERB	I-asp
	nesta	ADP	O
	máquina	NOUN	B-asp
	.	PUNCT	O
Sentence: 2	O	PRON	O
	que	PRON	O
	gostei	VERB	O
	:	PUNCT	O
	Excelente	ADJ	O
	qualidade	NOUN	O
	da	ADP	O
	imagem	NOUN	O
	;	PUNCT	O
	Bonita	PROPN	O
	;	PUNCT	O
	Fácil	PROPN	O
	manuseio	NOUN	B-asp
	.	PUNCT	O
Sentence: 3	O	PRON	O
	que	PRON	O
	não	ADV	O
	gostei	VERB	O
	:	PUNCT	O
	Acessórios	NOUN	O
	somente	ADV	O
	da	ADP	O
	Sony	PROPN	O
Sentence: 4	O	DET	O
	preço	NOUN	B-asp
	é	AUX	O
	compatível	ADJ	O
	com	ADP	O
	a	DET	O
	qualidade	NOUN	O
	imbatível	ADJ	O
	de	ADP	O
	uma	DET	O
	Sony	PROPN	O
	.	PUNCT	O
Sentence: 5	Voltaria	VERB	O
	a	SCONJ	O
	comprar	VERB	O
	com	ADP	O
	certeza	NOUN	O
	.	PUNCT	O
Sentence: 6	Eu	PRON	O
	recomendo	VERB	O
	.	PUNCT	O
Sentence: 7	O	PRON	O
	que	PRON	O
	gostei	VERB	O
	:	PUNCT	O
	Altíssima	ADJ	O
	resolução	NOUN	B-asp
	.	PUNCT	O
Sentence: 8	Bateria	NOUN	O
	com	ADP	O
	uma	DET	O
	duração	NOUN	O
	excelente	ADJ	O
	.	PUNCT	O
Sentence: 9	Dá	VERB	O
	para	SCONJ	O
	tirar	VERB	O
	centenas	NOUN	O
	de	ADP	O
	fotos	NOUN	O
	,	PUNCT	O
	filmar	VERB	O
	a	DET	O
	vontade	NOUN	O
	que	PRON	O
	ela	PRON	O
	aguenta	VERB	O
	.	PUNCT	O
Sentence: 10	E	CCONJ	O
	na	ADP	O
	hora	NOUN	O
	de	SCONJ	O
	carregar	VERB	O
	ela	PRON	O
	é	AUX	O
	excelente	ADJ	O
	.	PUNCT	O
Sentence: 11	O	PRON	O
	que	PRON	O
	não	ADV	O
	gostei	VERB	O
	:	PUNCT	O
	Achei	VERB	O
	aquele	DET	O
	botão	NOUN	B-asp
	redondo	ADJ	O
	que	PRON	O
	fica	VERB	O
	na	ADP	O
	parte	NOUN	O
	traseira	ADJ	O
	da	ADP	O
	máquina	NOUN	O
	,	PUNCT	O
	onde	PRON	O
	você	PRON	O
	busca	VERB	O
	as	DET	O
	funções	NOUN	B-asp
	da	ADP	O
	máquina	NOUN	O
	,	PUNCT	O
	de	ADP	O
	manuseio	NOUN	B-asp
	um	DET	O
	pouco	ADV	O
	lento	ADJ	O
	.	PUNCT	O
Sentence: 12	Isso	PRON	O
	se	PRON	O
	dá	VERB	O
	o	DET	O
	fato	NOUN	O
	dele	PRON	O
	ser	AUX	O
	bem	ADV	O
	rente	ADJ	O
	ao	ADP	O
	corpo	NOUN	O
	da	ADP	O
	máquina	NOUN	O
	,	PUNCT	O
	sendo	AUX	O
	que	SCONJ	O
	foi	AUX	O
	deixado	VERB	O
	apenas	ADV	O
	um	NUM	O
	rebaixo	NOUN	O
	na	ADP	O
	lateral	NOUN	O
	para	SCONJ	O
	facilitar	VERB	O
	o	DET	O
	uso	NOUN	O
	.	PUNCT	O
Sentence: 13	Facil	PROPN	O
	de	SCONJ	O
	usar	VERB	O
	.	PUNCT	O
Sentence: 14	e	CCONJ	O
	se	SCONJ	O
	voce	PRON	O
	gosta	VERB	O
	de	ADP	O
	telescópio	NOUN	O
	...	PUNCT	O
Sentence: 15	ela	PRON	O
	e	CCONJ	O
	um	DET	O
	telescópio	NOUN	O
	que	PRON	O
	tira	VERB	O
	fotos	NOUN	B-asp
	e	CCONJ	O
	ainda	ADV	O
	grava	VERB	O
	video	NOUN	B-asp
	em	ADP	O
	full	PROPN	O
	HD	PROPN	O
	.	PUNCT	O
Sentence: 16	link	NOUN	O
	para	SCONJ	O
	ver	VERB	O
	foto	NOUN	O
	panorâmica	ADJ	O
	.	PUNCT	O
Sentence: 17	http://www.panoramio.com/photo/29693449	ADV	O
	.	PUNCT	O
Sentence: 18	O	PRON	O
	que	PRON	O
	gostei	VERB	O
	:	PUNCT	O
	Tudo	PRON	O
Sentence: 19	òtimo	ADJ	O
	produto	NOUN	B-asp
	,	PUNCT	O
	excelente	ADJ	O
	qualidade	NOUN	O
	de	ADP	O
	resolução	NOUN	B-asp
	nas	ADP	I-asp
	fotos	NOUN	I-asp
	e	CCONJ	O
	nos	ADP	O
	vídeos	NOUN	B-asp
	de	ADP	O
	alta	ADJ	O
	definição	NOUN	O
	.	PUNCT	O
Sentence: 20	Estou	AUX	O
	satisfeito	ADJ	O
	!	PUNCT	O
Sentence: 21	 	SPACE	O
	O	PRON	O
	que	PRON	O
	gostei	VERB	O
	:	PUNCT	O
	òtimo	ADJ	O
	produto	NOUN	B-asp
	,	PUNCT	O
	excelente	ADJ	O
	qualidade	NOUN	O
	de	ADP	O
	resolução	NOUN	B-asp
	nas	ADP	I-asp
	fotos	NOUN	I-asp
	e	CCONJ	O
	nos	ADP	O
	vídeos	NOUN	B-asp
	de	ADP	O
	alta	ADJ	O
	definição	NOUN	O
	.	PUNCT	O
Sentence: 22	Estou	AUX	O
	satisfeito	ADJ	O
	!	PUNCT	O
Sentence: 23	 	SPACE	O
	O	PRON	O
	que	PRON	O
	não	ADV	O
	gostei	VERB	O
	:	PUNCT	O
	Não	ADV	O
	tem	VERB	O
	menu	NOUN	B-asp
	em	ADP	O
	portugues	NOUN	O
	,	PUNCT	O
	o	PRON	O
	que	PRON	O
	na	ADP	O
	verdade	NOUN	O
	pra	ADP	O
	mim	PRON	O
	não	ADV	O
	tem	VERB	O
	problema	NOUN	O
	algum	PRON	O
	,	PUNCT	O
	coloquei	VERB	O
	em	ADP	O
	espanhol	NOUN	O
	e	CCONJ	O
	da	ADP	O
	pra	SCONJ	O
	entender	VERB	O
	muito	ADV	O
	bem	ADV	O
	.	PUNCT	O
Sentence: 24	Este	DET	O
	produto	NOUN	B-asp
	tem	VERB	O
	um	DET	O
	bom	ADJ	O
	acabameto	ADJ	B-asp
	em	ADP	O
	geral	ADJ	O
	.	PUNCT	O
Sentence: 25	 	SPACE	O
	O	PRON	O
	que	PRON	O
	gostei	VERB	O
	:	PUNCT	O
	bom	ADJ	O
	acabameto	ADJ	B-asp
	em	ADP	O
	geral	ADJ	O
	.	PUNCT	O
Sentence: 26	 	SPACE	O
	O	PRON	O
	que	PRON	O
	não	ADV	O
	gostei	VERB	O
	:	PUNCT	O
	O	DET	O
	preço	NOUN	B-asp
Sentence: 27	É	AUX	O
	uma	DET	O
	ótima	ADJ	O
	câmera	NOUN	B-asp
	q	PRON	O
	alia	VERB	O
	a	DET	O
	praticidade	NOUN	B-asp
	de	ADP	O
	uma	DET	O
	câmera	NOUN	B-asp
	compacta	ADJ	B-asp
	à	ADP	O
	propriedades	NOUN	O
	de	ADP	O
	câmera	NOUN	B-asp
	semiprofissional	ADJ	I-asp
	,	PUNCT	O
	como	ADP	O
	por	ADP	O
	exemplo	NOUN	O
	controles	NOUN	O
	de	ADP	O
	abertura	NOUN	O
	do	ADP	O
	diafagma	PROPN	O
	e	CCONJ	O
	de	ADP	O
	velocidade	NOUN	O
	.	PUNCT	O
Sentence: 28	 	SPACE	O
	O	PRON	O
	que	PRON	O
	gostei	VERB	O
	:	PUNCT	O
	É	AUX	O
	um	DET	O
	produto	NOUN	O
	excelente	ADJ	O
	.	PUNCT	O
Sentence: 29	 	SPACE	O
	O	PRON	O
	que	PRON	O
	não	ADV	O
	gostei	VERB	O
	:	PUNCT	O
	O	DET	O
	preço	NOUN	O
	não	ADV	O
	é	AUX	O
	tão	ADV	O
	competitivo	ADJ	O
	comparado	VERB	O
	à	ADP	O
	outras	DET	O
	câmeras	NOUN	O
	compactas	ADJ	O
	.	PUNCT	O
Sentence: 30	Só	ADV	O
	está	AUX	O
	me	PRON	O
	faltando	VERB	O
	um	DET	O
	flash	NOUN	B-asp
	à	ADP	O
	altura	NOUN	O
	da	ADP	O
	câmera	NOUN	B-asp
	.	PUNCT	O
Sentence: 31	 	SPACE	O
	O	PRON	O
	que	PRON	O
	gostei	VERB	O
	:	PUNCT	O
	Qualidade	NOUN	O
	das	ADP	O
	fotos	NOUN	O
	e	CCONJ	O
	dos	ADP	O
	vídeos	NOUN	B-asp
	.	PUNCT	O
Sentence: 32	Recursos	NOUN	O
	.	PUNCT	O
Sentence: 33	 	SPACE	O
	O	PRON	O
	que	PRON	O
	não	ADV	O
	gostei	VERB	O
	:	PUNCT	O
	Fora	ADV	O
	o	DET	O
	preço	NOUN	B-asp
	,	PUNCT	O
	nada	PRON	O
	.	PUNCT	O
Sentence: 34	Fiz	VERB	O
	este	DET	O
	pedido	NOUN	O
	por	ADP	O
	meio	NOUN	O
	deste	ADP	O
	site	NOUN	O
	,	PUNCT	O
	na	ADP	O
	loja	NOUN	O
	CBN	PROPN	O
	Distribuição	NOUN	O
	,	PUNCT	O
	contudo	CCONJ	O
	,	PUNCT	O
	até	ADP	O
	hoje	ADV	O
	não	ADV	O
	chegou	VERB	O
	,	PUNCT	O
	ultrapassando	VERB	O
	o	DET	O
	prazo	NOUN	B-asp
	de	ADP	I-asp
	entrega	NOUN	I-asp
	.	PUNCT	O
Sentence: 35	Mandei	VERB	O
	vários	DET	O
	emails	NOUN	O
	e	CCONJ	O
	não	ADV	O
	obtive	VERB	O
	resposta	NOUN	O
	.	PUNCT	O
Sentence: 36	 	SPACE	O
	O	PRON	O
	que	PRON	O
	gostei	VERB	O
	:	PUNCT	O
	Fiz	VERB	O
	este	DET	O
	pedido	NOUN	O
	por	ADP	O
	meio	NOUN	O
	deste	ADP	O
	site	NOUN	O
	,	PUNCT	O
	na	ADP	O
	loja	NOUN	O
	CBN	PROPN	O
	Distribuição	NOUN	O
	,	PUNCT	O
	contudo	CCONJ	O
	,	PUNCT	O
	até	ADP	O
	hoje	ADV	O
	não	ADV	O
	chegou	VERB	O
	,	PUNCT	O
	ultrapassando	VERB	O
	o	DET	O
	prazo	NOUN	B-asp
	de	ADP	I-asp
	entrega	NOUN	I-asp
	.	PUNCT	O
Sentence: 37	Mandei	VERB	O
	vários	DET	O
	emails	NOUN	O
	e	CCONJ	O
	não	ADV	O
	obtive	VERB	O
	resposta	NOUN	O
	.	PUNCT	O
Sentence: 38	 	SPACE	O
	O	PRON	O
	que	PRON	O
	não	ADV	O
	gostei	VERB	O
	:	PUNCT	O
	Fiz	VERB	O
	este	DET	O
	pedido	NOUN	O
	por	ADP	O
	meio	NOUN	O
	deste	ADP	O
	site	NOUN	O
	,	PUNCT	O
	na	ADP	O
	loja	NOUN	O
	CBN	PROPN	O
	Distribuição	NOUN	O
	,	PUNCT	O
	contudo	CCONJ	O
	,	PUNCT	O
	até	ADP	O
	hoje	ADV	O
	não	ADV	O
	chegou	VERB	O
	,	PUNCT	O
	ultrapassando	VERB	O
	o	DET	O
	prazo	NOUN	B-asp
	de	ADP	I-asp
	entrega	NOUN	I-asp
	.	PUNCT	O
Sentence: 39	Mandei	VERB	O
	vários	DET	O
	emails	NOUN	O
	e	CCONJ	O
	não	ADV	O
	obtive	VERB	O
	resposta	NOUN	O
	.	PUNCT	O
Sentence: 40	Sou	AUX	O
	fotógrafo	NOUN	O
	exigente	ADJ	O
	,	PUNCT	O
	inclusive	ADV	O
	com	ADP	O
	fotos	NOUN	O
	em	ADP	O
	galerias	NOUN	O
	.	PUNCT	O
Sentence: 41	Esta	PRON	O
	é	AUX	O
	-	PUNCT	O
	sem	ADP	O
	dúvida	NOUN	O
	-	PUNCT	O
	a	DET	O
	melhor	ADJ	O
	máquina	NOUN	B-asp
	que	PRON	O
	já	ADV	O
	usei	VERB	O
	.	PUNCT	O
Sentence: 42	Ao	SCONJ	O
	verem	VERB	O
	as	DET	O
	minhas	DET	O
	fotos	NOUN	O
	as	DET	O
	pessoas	NOUN	O
	perguntam	VERB	O
	se	SCONJ	O
	uso	NOUN	O
	uma	NUM	O
	daqueles	ADP	O
	caras	NOUN	O
	máquinas	NOUN	O
	profissionais	ADJ	O
	.	PUNCT	O
Sentence: 43	Resposta	NOUN	O
	:	PUNCT	O
	uso	NOUN	O
	a	ADP	O
	FZ35	PROPN	O
	que	SCONJ	O
	é	AUX	O
	perfeita	ADJ	O
	.	PUNCT	O
Sentence: 44	 	SPACE	O
	O	PRON	O
	que	PRON	O
	gostei	VERB	O
	:	PUNCT	O
	Design	NOUN	O
	,	PUNCT	O
	facilidade	NOUN	B-asp
	de	ADP	I-asp
	uso	NOUN	I-asp
	,	PUNCT	O
	qualidade	NOUN	B-asp
	das	ADP	I-asp
	fotos	NOUN	I-asp
	,	PUNCT	O
	qualidades	NOUN	B-asp
	dos	ADP	I-asp
	filmes	NOUN	I-asp
	,	PUNCT	O
	consumo	NOUN	B-asp
	de	ADP	I-asp
	energia	NOUN	I-asp
	,	PUNCT	O
	conectividade	NOUN	B-asp
	,	PUNCT	O
	filma	VERB	O
	em	ADP	O
	HD	PROPN	O
	.	PUNCT	O
Sentence: 45	 	SPACE	O
	O	PRON	O
	que	PRON	O
	não	ADV	O
	gostei	VERB	O
	:	PUNCT	O
	Nenhum	DET	O
	.	PUNCT	O
Sentence: 46	Muito	ADV	O
	boa	ADJ	O
	uma	NUM	O
	da	ADP	O
	melhores	NOUN	O
	que	PRON	O
	conheço	VERB	O
	com	ADP	O
	inumeros	NOUN	O
	recursos	NOUN	B-asp
	,	PUNCT	O
	e	CCONJ	O
	uma	DET	O
	ecelente	ADJ	O
	qualidade	NOUN	B-asp
	de	ADP	I-asp
	foto	NOUN	I-asp
	.	PUNCT	O
Sentence: 47	 	SPACE	O
	O	PRON	O
	que	PRON	O
	gostei	VERB	O
	:	PUNCT	O
	Muita	DET	O
	opções	NOUN	B-asp
	para	SCONJ	I-asp
	fazer	VERB	I-asp
	a	DET	I-asp
	foto	NOUN	I-asp
	diferente	ADJ	O
	 	SPACE	O
	O	PRON	O
	que	PRON	O
	não	ADV	O
	gostei	VERB	O
	:	PUNCT	O
	O	DET	O
	valor	NOUN	B-asp
Sentence: 48	Essa	DET	O
	máquina	NOUN	B-asp
	não	ADV	O
	serve	VERB	O
	nem	CCONJ	O
	como	ADP	O
	brinde	NOUN	O
	,	PUNCT	O
	é	AUX	O
	um	DET	O
	completo	ADJ	O
	lixo	NOUN	O
	.	PUNCT	O
Sentence: 49	 	SPACE	O
	O	PRON	O
	que	PRON	O
	gostei	VERB	O
	:	PUNCT	O
	Nenhum	DET	O
	.	PUNCT	O
Sentence: 50	 	SPACE	O
	O	PRON	O
	que	PRON	O
	não	ADV	O
	gostei	VERB	O
	:	PUNCT	O
	Produto	NOUN	O
	péssimo	ADJ	O
	,	PUNCT	O
	design	NOUN	B-asp
	horrível	ADJ	O
	,	PUNCT	O
	manual	NOUN	B-asp
	péssimo	ADJ	O
	,	PUNCT	O
	aparência	NOUN	B-asp
	frágil	ADJ	O
	,	PUNCT	O
	tela	NOUN	B-asp
	touch	PROPN	I-asp
	screen	X	I-asp
	quase	ADV	O
	impossível	ADJ	O
	de	SCONJ	O
	mexer	VERB	O
	,	PUNCT	O
	má	ADJ	O
	qualidade	NOUN	O
	em	ADP	O
	todos	DET	O
	os	DET	O
	sentidos	NOUN	O
	.	PUNCT	O
Sentence: 51	Qualidade	PROPN	O
	das	ADP	O
	fotos	NOUN	O
	são	AUX	O
	as	DET	O
	piores	ADJ	O
	que	PRON	O
	vi	VERB	O
	em	ADP	O
	toda	DET	O
	minha	DET	O
	vida	NOUN	O
	.	PUNCT	O
Sentence: 52	E	CCONJ	O
	olha	VERB	O
	que	SCONJ	O
	eu	PRON	O
	trabalho	VERB	O
	a	ADP	O
	25	NUM	O
	anos	NOUN	O
	com	ADP	O
	imagem	NOUN	O
	.	PUNCT	O
Sentence: 53	Não	ADV	O
	comprem	VERB	O
	!	PUNCT	O
Sentence: 54	E	CCONJ	O
	o	DET	O
	tratamento	NOUN	B-asp
	como	ADP	I-asp
	cliente	NOUN	I-asp
	é	AUX	O
	péssimo	ADJ	O
	.	PUNCT	O
Sentence: 55	 	SPACE	O
	O	PRON	O
	que	PRON	O
	gostei	VERB	O
	:	PUNCT	O
	Nenhum	DET	O
	 	SPACE	O
	O	PRON	O
	que	PRON	O
	não	ADV	O
	gostei	VERB	O
	:	PUNCT	O
	Tudo	PRON	O
	.	PUNCT	O
Sentence: 56	comprei	VERB	O
	uma	NUM	O
	desta	PRON	O
	e	CCONJ	O
	a	DET	O
	mesma	ADJ	O
	apresentou	VERB	O
	defeito	NOUN	O
	na	ADP	O
	primeira	ADJ	O
	semana	NOUN	O
	e	CCONJ	O
	ao	ADP	O
	invés	NOUN	O
	da	ADP	O
	benq	NOUN	B-asp
	trocar	VERB	O
	estão	AUX	O
	arrumando	VERB	O
	minha	DET	O
	máquina	NOUN	B-asp
	,	PUNCT	O
	vc	PRON	O
	gostaria	VERB	O
	de	SCONJ	O
	comprar	VERB	O
	uma	DET	O
	máquina	NOUN	B-asp
	com	ADP	O
	defeito	NOUN	O
	?	PUNCT	O
Sentence: 57	não	ADV	O
	então	ADV	O
	compre	VERB	O
	de	ADP	O
	outra	DET	O
	marca	NOUN	B-asp
	.	PUNCT	O
Sentence: 58	a	DET	O
	BENQ	PROPN	O
	não	ADV	O
	respeita	VERB	O
	o	DET	O
	consumidor	NOUN	O
	.	PUNCT	O
Sentence: 59	 	SPACE	O
	O	PRON	O
	que	PRON	O
	gostei	VERB	O
	:	PUNCT	O
	NADA	PRON	O
	 	SPACE	O
	O	PRON	O
	que	PRON	O
	não	ADV	O
	gostei	VERB	O
	:	PUNCT	O
	VEIO	PROPN	O
	DE	ADP	O
	FÁBRICA	NOUN	O
	COM	ADP	O
	DEFEITO	NOUN	O
	E	CCONJ	O
	ESTÃO	PROPN	O
	CONSERTANDO	PROPN	O
	AO	ADP	O
	INVÉS	PROPN	O
	DE	PROPN	O
	TROCAR	NOUN	O
Sentence: 60	QUANDO	ADV	O
	DECIDI	PROPN	O
	PELO	ADP	O
	PRODUTO	PROPN	O
	,	PUNCT	O
	SÓ	PROPN	O
	CONHECIA	PROPN	O
	A	DET	O
	MARCA	PROPN	O
	.	PUNCT	O
Sentence: 61	HOJE	PUNCT	O
	VEJO	VERB	O
	O	DET	O
	QUANTO	NOUN	O
	ESTA	PROPN	O
	MÁQUINA	PROPN	O
	FAZ	VERB	O
	MILAGRE	PROPN	O
	!	PUNCT	O
	!	PUNCT	O
	!	PUNCT	O
	!	PUNCT	O
Sentence: 62	 	SPACE	O
	O	PRON	O
	que	PRON	O
	gostei	VERB	O
	:	PUNCT	O
	IMAGEM	NOUN	O
	LIMPA	PROPN	O
	,	PUNCT	O
	O	DET	O
	MANUSEIO	NOUN	O
	É	AUX	O
	FACÍLIMO	PROPN	O
	,	PUNCT	O
	SEU	PROPN	O
	TAMANHO	NOUN	O
	FACILITA	PROPN	O
	O	DET	O
	TRANSPORTE	PROPN	O
	 	SPACE	O
	O	PRON	O
	que	PRON	O
	não	ADV	O
	gostei	VERB	O
	:	PUNCT	O
	ANALISANDO	VERB	O
	O	DET	O
	PRODUTO	NOUN	O
	PROFUNDAMENTE	PROPN	O
	,	PUNCT	O
	NÃO	INTJ	O
	ENCONTREI	NOUN	O
	NENHUM	PROPN	O
	CONTRA	PROPN	O
	,	PUNCT	O
	PELO	PROPN	O
	CONTRÁRIO	PROPN	O
	SÓ	PROPN	O
	ENCONTREI	NOUN	O
	VANTAGENS	NOUN	O
Sentence: 63	É	AUX	O
	 	SPACE	O
	UMA	PROPN	O
	camara	NOUN	B-asp
	 	SPACE	O
	PERFEITA	ADJ	O
	,	PUNCT	O
	EXCELENTEE	PROPN	O
	FOTOS	NOUN	O
	E	CCONJ	O
	UM	PROPN	O
	TAMANHO	PROPN	O
	BOM	NOUN	O
	DE	ADP	O
	MANUSEAR	PROPN	O
	.	PUNCT	O
Sentence: 64	 	SPACE	O
	O	PRON	O
	que	PRON	O
	gostei	VERB	O
	:	PUNCT	O
	Muito	ADV	O
	bom	ADJ	O
	,	PUNCT	O
	recomendo	VERB	O
Sentence: 65	esse	DET	O
	produto	NOUN	B-asp
	e	CCONJ	O
	muito	ADV	O
	bom	ADJ	O
	pq	CCONJ	O
	um	DET	O
	amigo	NOUN	O
	tem	VERB	O
	um	DET	O
	 	SPACE	O
	O	PRON	O
	que	PRON	O
	gostei	VERB	O
	:	PUNCT	O
	eu	PRON	O
	quero	VERB	O
	esse	DET	O
	premio	NOUN	O
	 	SPACE	O
	O	PRON	O
	que	PRON	O
	não	ADV	O
	gostei	VERB	O
	:	PUNCT	O
	nada	PRON	O
	contra	ADP	O
	a	ADP	O
	esse	DET	O
	produto	NOUN	B-asp
Sentence: 66	Comprei	VERB	O
	esta	DET	O
	câmera	NOUN	B-asp
	e	CCONJ	O
	e	CCONJ	O
	não	ADV	O
	primeira	ADJ	O
	recarga	NOUN	O
	da	ADP	O
	bateria	NOUN	B-asp
	não	ADV	O
	funcionou	VERB	O
	,	PUNCT	O
	veja	VERB	O
	a	DET	O
	declaração	NOUN	O
	da	ADP	O
	assistência	NOUN	O
	técnica	ADJ	O
	:	PUNCT	O
	RECEBEMOS	VERB	O
	SEU	DET	O
	PRODUTO	NOUN	O
	PARA	PROPN	O
	ANÁLISE	PROPN	O
	EM	PROPN	O
	NOSSO	PROPN	O
	DEPARTAMENTO	PROPN	O
	DE	ADP	O
	ASSISTÊNCIA	PROPN	O
	TÉCNICA	ADJ	O
	,	PUNCT	O
	E	CCONJ	O
	INFORMAMOS	PROPN	O
	QUE	VERB	O
	O	DET	O
	PRODUTO	NOUN	O
	ESTÁ	AUX	O
	DENTRO	ADV	O
	DAS	ADP	O
	ESPECIFICAÇÕES	NOUN	O
	.	PUNCT	O
Sentence: 67	O	DET	O
	MESMO	PROPN	O
	FOI	PROPN	O
	TESTADO	PROPN	O
	EM	ADP	O
	NOSSO	PROPN	O
	LABORATÓRIO	PROPN	O
	E	CCONJ	O
	NENHUM	PROPN	O
	PROBLEMA	PROPN	O
	FOI	AUX	O
	ENCONTRADO	NOUN	O
	COM	VERB	O
	A	DET	O
	CÂMERA	NOUN	O
	.	PUNCT	O
Sentence: 68	DESTA	ADP	O
	FORMA	NOUN	O
	,	PUNCT	O
	ESTAMOS	VERB	O
	EFETUANDO	NOUN	O
	A	DET	O
	DEVOLUÇÃO	NOUN	O
	DO	ADP	O
	EQUIPAMENTO	NOUN	O
	.	PUNCT	O
Sentence: 69	OBS	PROPN	O
	INFORMAMOS	PROPN	O
	QUE	VERB	O
	A	DET	O
	BATERIA	PROPN	O
	ESTAVA	VERB	O
	COMPLETAMENTE	PROPN	O
	DESCARREGADA	PROPN	O
	,	PUNCT	O
	SENDO	CCONJ	O
	ASSIM	NOUN	O
	,	PUNCT	O
	ORIENTAMOS	PROPN	O
	NÃO	ADV	O
	DEIXA-LA	PUNCT	O
	NO	ADP	O
	EQUIPAMENTO	NOUN	O
	QUANDO	ADV	O
	O	DET	O
	MESMO	PROPN	O
	NÃO	PROPN	O
	ESTIVER	PROPN	O
	EM	PROPN	O
	USO	PROPN	O
	,	PUNCT	O
	POIS	PROPN	O
	QUANDO	ADV	O
	ISSO	PROPN	O
	OCORRE	PROPN	O
	A	DET	O
	CÂMERA	PROPN	O
	NÃO	ADV	O
	CONSEGUE	VERB	O
	IDENTIFICAR	VERB	O
	A	DET	O
	BATERIA	PROPN	O
	PARA	PROPN	O
	EFETUAR	PROPN	O
	A	DET	O
	 	SPACE	O
	CARGA	NOUN	O
	.	PUNCT	O
Sentence: 70	Agora	ADV	O
	nos	ADP	O
	não	ADV	O
	podemos	VERB	O
	mas	CCONJ	O
	usar	VERB	O
	a	DET	O
	camera	NOUN	O
	ate	ADP	O
	o	DET	O
	fim	NOUN	O
	da	ADP	O
	carga	NOUN	O
	.	PUNCT	O
Sentence: 71	Se	SCONJ	O
	eu	PRON	O
	soubesse	VERB	O
	desta	ADP	O
	informação	NOUN	O
	antes	ADV	O
	eu	PRON	O
	não	ADV	O
	compraria	VERB	O
	ela	PRON	O
	.	PUNCT	O
Sentence: 72	A	DET	O
	camera	NOUN	O
	chegou	VERB	O
	hoje	ADV	O
	da	ADP	O
	assistÊncia	NOUN	O
	técnica	ADJ	O
	,	PUNCT	O
	irei	AUX	O
	fazer	VERB	O
	alguns	DET	O
	teste	NOUN	O
	agora	ADV	O
	,	PUNCT	O
	se	SCONJ	O
	continuar	VERB	O
	com	ADP	O
	o	DET	O
	mesmo	ADJ	O
	defeito	NOUN	O
	irei	VERB	O
	para	ADP	O
	a	DET	O
	justiça	NOUN	O
	para	SCONJ	O
	pegar	VERB	O
	o	DET	O
	meu	DET	O
	dinheiro	NOUN	O
	de	ADP	O
	volta	NOUN	O
	.	PUNCT	O
Sentence: 73	 	SPACE	O
	O	PRON	O
	que	PRON	O
	gostei	VERB	O
	:	PUNCT	O
	Não	ADV	O
	vale	VERB	O
	a	DET	O
	dor	NOUN	O
	de	ADP	O
	cabeça	NOUN	O
	 	SPACE	O
	O	PRON	O
	que	PRON	O
	não	ADV	O
	gostei	VERB	O
	:	PUNCT	O
	A	DET	O
	bateria	NOUN	B-asp
	não	ADV	O
	pode	VERB	O
	zera	VERB	O
	(	PUNCT	O
	Chegar	VERB	O
	até	ADP	O
	o	DET	O
	fim	NOUN	O
	)	PUNCT	O
Sentence: 74	A	DET	O
	CÂMERA	PROPN	O
	DIGITAL	PROPN	O
	OLYMPUS	PROPN	O
	,	PUNCT	O
	VEM	VERB	O
	DESLIGANDO	PROPN	O
	SOZINHA	PROPN	O
	E	CCONJ	O
	EFETUANDO	PROPN	O
	RUÍDOS	PROPN	O
	,	PUNCT	O
	NÃO	INTJ	O
	PERMITINDO	PROPN	O
	SEU	DET	O
	USO	PROPN	O
	,	PUNCT	O
	MESMO	PROPN	O
	COM	PROPN	O
	BATERIA	PROPN	O
	CARREGADA	PROPN	O
	E	CCONJ	O
	CARTÃO	NOUN	O
	DE	DET	O
	MEMÓRIA	NOUN	O
	NA	ADP	O
	POSIÇÃO	NOUN	O
	CERTA	ADJ	O
	.	PUNCT	O
Sentence: 75	QUANDO	ADV	O
	OCORRE	PROPN	O
	DE	SCONJ	O
	SE	PRON	O
	CONSEGUIR	VERB	O
	LIGAR	PROPN	O
	ELA	NOUN	O
	,	PUNCT	O
	CONSEGUE-SE	PROPN	O
	APENAS	CCONJ	O
	AJUSTAR	PROPN	O
	A	DET	O
	DATA	NOUN	O
	/	PUNCT	O
	HORA	NOUN	O
	E	CCONJ	O
	AÍ	PROPN	O
	VAI	VERB	O
	PARA	VERB	O
	O	DET	O
	MENU	NOUN	O
	ONDE	PRON	O
	O	DET	O
	IDIOMA	NOUN	O
	VEM	VERB	O
	EM	ADP	O
	JAPONÊS	NOUN	O
	E	CCONJ	O
	TENTAR	VERB	O
	TROCAR	PROPN	O
	O	DET	O
	IDIOMA	NOUN	O
	,	PUNCT	O
	A	DET	O
	CÂMERA	PROPN	O
	COMEÇA	PROPN	O
	A	SCONJ	O
	FAZER	VERB	O
	RUÍDOS	NOUN	O
	E	CCONJ	O
	DESLIGA	PROPN	O
	SOZINHA	PROPN	O
	.	PUNCT	O
Sentence: 76	 	SPACE	O
	O	PRON	O
	que	PRON	O
	não	ADV	O
	gostei	VERB	O
	:	PUNCT	O
	câmera	NOUN	O
	muito	ADV	O
	ruim	ADJ	O
	,	PUNCT	O
	não	ADV	O
	arrisquem	VERB	O
	a	DET	O
	sorte	NOUN	O
	comprando	VERB	O
	.	PUNCT	O
Sentence: 77	Na	ADP	O
	SEGUNDA	ADJ	O
	foto	NOUN	B-asp
	tirada	VERB	I-asp
	dentro	ADV	I-asp
	da	ADP	O
	água	NOUN	O
	a	DET	O
	camera	NOUN	O
	apagou	VERB	O
	,	PUNCT	O
	fui	AUX	O
	verificar	VERB	O
	e	CCONJ	O
	estava	AUX	O
	cheia	ADJ	O
	dágua	NOUN	O
	...	PUNCT	O
Sentence: 78	Não	ADV	O
	veda	VERB	O
	direito	NOUN	O
	,	PUNCT	O
	não	ADV	O
	impede	VERB	O
	entrada	NOUN	O
	dágua	ADJ	O
	,	PUNCT	O
	não	ADV	O
	presta	VERB	O
	!	PUNCT	O
	!	PUNCT	O
	!	PUNCT	O
	!	PUNCT	O
	!	PUNCT	O
Sentence: 79	Perdi	VERB	O
	todas	DET	O
	as	DET	O
	fotos	NOUN	B-asp
	da	ADP	O
	minha	DET	O
	viagem	NOUN	O
	.	PUNCT	O
Sentence: 80	FUJI	PROPN	O
	NUNCA	ADV	O
	MAIS	ADV	O
	...	PUNCT	O
Sentence: 81	Deviam	VERB	O
	mudar	VERB	O
	o	DET	O
	nome	NOUN	O
	de	ADP	O
	FUJI	PROPN	O
	pra	ADP	O
	FUJA	PROPN	O
	!	PUNCT	O
	!	PUNCT	O
	!	PUNCT	O
	!	PUNCT	O
	!	PUNCT	O
	!	PUNCT	O
Sentence: 82	 	SPACE	O
	O	PRON	O
	que	PRON	O
	gostei	VERB	O
	:	PUNCT	O
	 	SPACE	O
	NENHUM	PROPN	O
	!	PUNCT	O
	!	PUNCT	O
	!	PUNCT	O
	!	PUNCT	O
	!	PUNCT	O
Sentence: 83	 	SPACE	O
	O	PRON	O
	que	PRON	O
	não	ADV	O
	gostei	VERB	O
	:	PUNCT	O
	 	SPACE	O
	TUDO	PRON	O
	!	PUNCT	O
	!	PUNCT	O
	!	PUNCT	O
	!	PUNCT	O
Sentence: 84	Só	ADV	O
	é	AUX	O
	a	DET	O
	prova	NOUN	O
	dágua	ADJ	O
	se	SCONJ	O
	a	DET	O
	câmera	NOUN	B-asp
	ficar	VERB	O
	LONGE	PROPN	O
	da	ADP	O
	água	NOUN	O
	!	PUNCT	O
	!	PUNCT	O
	!	PUNCT	O
	!	PUNCT	O
	!	PUNCT	O
Sentence: 85	Um	DET	O
	LIXO	NOUN	O
	de	ADP	O
	equipamento	NOUN	B-asp
	!	PUNCT	O
	!	PUNCT	O
Sentence: 86	FUJAM	PROPN	O
	!	PUNCT	O
	!	PUNCT	O
	!	PUNCT	O
	!	PUNCT	O
Sentence: 87	bom	ADJ	O
	produto	NOUN	B-asp
	 	SPACE	O
	O	PRON	O
	que	PRON	O
	gostei	VERB	O
	:	PUNCT	O
	material	NOUN	B-asp
	...	PUNCT	O
Sentence: 88	 	SPACE	O
	O	PRON	O
	que	PRON	O
	não	ADV	O
	gostei	VERB	O
	:	PUNCT	O
	tamanho	NOUN	B-asp
	...	PUNCT	O
Sentence: 89	qualidade	NOUN	B-asp
	das	ADP	I-asp
	fotos	NOUN	I-asp
Sentence: 90	Não	ADV	O
	tem	VERB	O
	manual	NOUN	B-asp
	em	ADP	I-asp
	português	NOUN	I-asp
	;	PUNCT	O
	quando	SCONJ	O
	comprei	VERB	O
	não	ADV	O
	fui	AUX	O
	informada	VERB	O
	que	SCONJ	O
	a	DET	O
	câmera	NOUN	B-asp
	não	ADV	O
	era	AUX	O
	vendida	VERB	O
	no	ADP	O
	Brail	PROPN	O
	,	PUNCT	O
	por	ADP	O
	isso	PRON	O
	o	DET	O
	manual	NOUN	B-asp
	em	ADP	I-asp
	outro	DET	O
	idioma	NOUN	O
	;	PUNCT	O
	a	DET	O
	câmera	NOUN	B-asp
	veio	VERB	O
	com	ADP	O
	defeito	NOUN	O
	e	CCONJ	O
	embora	SCONJ	O
	a	DET	O
	empresa	NOUN	B-asp
	tenha	AUX	O
	efetuado	VERB	O
	a	DET	O
	troca	NOUN	O
	,	PUNCT	O
	o	DET	O
	produto	NOUN	B-asp
	tem	VERB	O
	o	DET	O
	mesmo	ADJ	O
	defeito	NOUN	O
	;	PUNCT	O
	pensei	VERB	O
	da	ADP	O
	qualidade	NOUN	O
	da	ADP	O
	imagem	NOUN	O
	ser	AUX	O
	superior	ADJ	O
	;	PUNCT	O
	o	DET	O
	investimento	NOUN	B-asp
	não	ADV	O
	vale	VERB	O
	 	SPACE	O
	O	PRON	O
	que	PRON	O
	gostei	VERB	O
	:	PUNCT	O
	O	DET	O
	zoom	NOUN	B-asp
	realmente	ADV	O
	é	AUX	O
	bom	ADJ	O
	.	PUNCT	O
Sentence: 91	 	SPACE	O
	O	PRON	O
	que	PRON	O
	não	ADV	O
	gostei	VERB	O
	:	PUNCT	O
	Péssimo	ADJ	O
	custo-benefício	NOUN	B-asp
	;	PUNCT	O
	por	SCONJ	O
	não	ADV	O
	ter	VERB	O
	um	DET	O
	manual	NOUN	O
	detalhado	ADJ	O
	,	PUNCT	O
	o	DET	O
	manuseio	NOUN	B-asp
	é	AUX	O
	difícil	ADJ	O
	;	PUNCT	O
	fiquei	VERB	O
	decepcionada	ADJ	O
	com	ADP	O
	a	DET	O
	qualidade	NOUN	O
	da	ADP	O
	imagem	NOUN	O
	.	PUNCT	O
Sentence: 92	Produto	NOUN	O
	horrível	ADJ	O
	!	PUNCT	O
Sentence: 93	Definitivamente	ADV	O
	não	ADV	O
	recomendo	VERB	O
	.	PUNCT	O
Sentence: 94	Comprei	VERB	O
	esta	DET	O
	máquina	NOUN	B-asp
	e	CCONJ	O
	depois	ADV	O
	de	ADP	O
	um	NUM	O
	mês	NOUN	O
	o	DET	O
	flash	NOUN	B-asp
	parou	VERB	O
	de	SCONJ	O
	funcionar	VERB	O
	.	PUNCT	O
Sentence: 95	Tentei	VERB	O
	contatar	VERB	O
	o	DET	O
	Sac	PROPN	O
	para	SCONJ	O
	acionar	VERB	O
	a	DET	O
	Garantia	NOUN	O
	e	CCONJ	O
	levar	VERB	O
	até	ADP	O
	a	DET	O
	Assistência	PROPN	O
	Técnica	PROPN	O
	e	CCONJ	O
	para	ADP	O
	minha	DET	O
	surpresa	NOUN	O
	não	ADV	O
	disponibilizam	VERB	O
	nada	PRON	O
	disso	PRON	O
	aqui	ADV	O
	no	ADP	O
	Brasil	PROPN	O
	.	PUNCT	O
Sentence: 96	Deviam	VERB	O
	ser	AUX	O
	proibidos	VERB	O
	de	SCONJ	O
	vender	VERB	O
	seus	DET	O
	produtos	NOUN	O
	aqui	ADV	O
	no	ADP	O
	Brasil	PROPN	O
	pois	SCONJ	O
	não	ADV	O
	cumprem	VERB	O
	com	ADP	O
	nenhuma	DET	O
	regulamentação	NOUN	O
	.	PUNCT	O
Sentence: 97	Paguei	VERB	O
	R$	SYM	O
	150	NUM	O
	para	SCONJ	O
	consertar	VERB	O
	o	DET	O
	flash	NOUN	B-asp
	.	PUNCT	O
Sentence: 98	Depois	ADV	O
	de	ADP	O
	um	NUM	O
	ano	NOUN	O
	ela	PRON	O
	sofreu	VERB	O
	a	DET	O
	1ª	ADJ	O
	queda	NOUN	O
	,	PUNCT	O
	e	CCONJ	O
	pronto	ADJ	O
	parou	VERB	O
	de	SCONJ	O
	funcionar	VERB	O
	!	PUNCT	O
Sentence: 99	Joguei	VERB	O
	no	ADP	O
	lixo	NOUN	O
	pois	SCONJ	O
	ficaria	VERB	O
	mais	ADV	O
	caro	ADJ	O
	consertar	VERB	O
	do	SCONJ	O
	que	PRON	O
	paguei	VERB	O
	por	ADP	O
	ela	PRON	O
	.	PUNCT	O
Sentence: 100	Comprei	VERB	O
	uma	DET	O
	Sony	PROPN	O
	pois	ADV	O
	é	AUX	O
	uma	DET	O
	marca	NOUN	O
	super	ADJ	O
	conhecida	VERB	O
	.	PUNCT	O
Sentence: 101	Não	ADV	O
	me	PRON	O
	arrependo	VERB	O
	de	SCONJ	O
	ter	AUX	O
	pago	VERB	O
	o	DET	O
	dobro	NOUN	O
	que	PRON	O
	paguei	VERB	O
	pela	ADP	O
	Benq	PROPN	O
	para	SCONJ	O
	ter	VERB	O
	uma	DET	O
	câmera	NOUN	O
	com	ADP	O
	qualidade	NOUN	O
	.	PUNCT	O
Sentence: 102	 	SPACE	O
	O	PRON	O
	que	PRON	O
	gostei	VERB	O
	:	PUNCT	O
	Pequena	ADJ	O
	e	CCONJ	O
	leve	ADJ	B-asp
	;	PUNCT	O
	já	ADV	O
	vem	VERB	O
	com	ADP	O
	a	DET	O
	capinha	NOUN	B-asp
	;	PUNCT	O
	tem	VERB	O
	uma	DET	O
	duração	NOUN	O
	por	ADP	O
	ciclo	NOUN	O
	das	ADP	O
	pilhas	NOUN	B-asp
	muito	ADV	O
	bom	ADJ	O
	.	PUNCT	O
Sentence: 103	 	SPACE	O
	O	PRON	O
	que	PRON	O
	não	ADV	O
	gostei	VERB	O
	:	PUNCT	O
	Não	ADV	O
	possui	VERB	O
	nenhuma	DET	O
	assistência	NOUN	B-asp
	técnica	ADJ	I-asp
	no	ADP	O
	Brasil	PROPN	O
	;	PUNCT	O
	A	DET	O
	garantia	NOUN	B-asp
	é	AUX	O
	curta	ADJ	O
	e	CCONJ	O
	não	ADV	O
	funciona	VERB	O
	;	PUNCT	O
	Não	ADV	O
	disponibiliza	VERB	O
	SAC	PROPN	O
	;	PUNCT	O
	Qualidade	NOUN	O
	regular	ADJ	O
	nas	ADP	O
	fotos	NOUN	B-asp
	mesmo	ADV	O
	alternando	VERB	O
	modos	NOUN	O
	de	ADP	O
	cena	NOUN	O
	;	PUNCT	O
	Tem	VERB	O
	pouco	DET	O
	zoom	NOUN	B-asp
	;	PUNCT	O
	Tem	VERB	O
	poucas	DET	O
	funcionalidades	NOUN	B-asp
	;	PUNCT	O
	Péssima	ADJ	O
	qualidade	NOUN	B-asp
	de	ADP	I-asp
	vídeo	NOUN	I-asp
	;	PUNCT	O
	Não	ADV	O
	vem	VERB	O
	com	ADP	O
	cartão	NOUN	B-asp
	de	ADP	I-asp
	memória	NOUN	I-asp
	.	PUNCT	O
Sentence: 104	fui	AUX	O
	enganada!comprei	VERB	O
	a	DET	O
	minha	DET	O
	na	ADP	O
	polichopp	NOUN	O
	 	SPACE	O
	mas	CCONJ	O
	a	DET	O
	bateria	NOUN	B-asp
	veio	VERB	O
	com	ADP	O
	defeito	NOUN	O
	e	CCONJ	O
	eles	PRON	O
	não	ADV	O
	tem	VERB	O
	garantia	NOUN	B-asp
	pra	ADP	O
	ela.esta	NOUN	O
	inultilizada	VERB	O
	  	SPACE	O
	O	PRON	O
	que	PRON	O
	gostei	VERB	O
	:	PUNCT	O
	vem	VERB	O
	 	SPACE	O
	com	ADP	O
	todos	DET	O
	os	DET	O
	acessórios	NOUN	B-asp
	.	PUNCT	O
Sentence: 105	 	SPACE	O
	O	PRON	O
	que	PRON	O
	não	ADV	O
	gostei	VERB	O
	:	PUNCT	O
	mas	CCONJ	O
	não	ADV	O
	acho	VERB	O
	a	DET	O
	bateria	NOUN	B-asp
	 	SPACE	O
	pra	ADP	O
	comprar.se	PROPN	O
	não	ADV	O
	tiver	VERB	I-asp
	uma	DET	I-asp
	luz	NOUN	I-asp
	boa	ADJ	I-asp
	não	ADV	I-asp
	fica	VERB	O
	boa	ADJ	O
	as	DET	O
	fotos	NOUN	B-asp
Sentence: 106	Péssima	ADJ	O
	relação	NOUN	O
	custo-benefício	NOUN	B-asp
	.	PUNCT	O
Sentence: 107	Possui	VERB	O
	preço	NOUN	B-asp
	baixo	ADJ	O
	mas	CCONJ	O
	com	ADP	O
	qualidade	NOUN	B-asp
	bastante	ADV	O
	inferior	ADJ	O
	.	PUNCT	O
Sentence: 108	Em	ADP	O
	nenhuma	DET	O
	hipótese	NOUN	O
	condiz	VERB	O
	com	ADP	O
	a	DET	O
	fama	NOUN	O
	da	ADP	O
	NIKON	PROPN	O
	.	PUNCT	O
Sentence: 109	 	SPACE	O
	O	PRON	O
	que	PRON	O
	gostei	VERB	O
	:	PUNCT	O
	Compacta	NOUN	O
	,	PUNCT	O
	fácil	ADJ	B-asp
	de	SCONJ	I-asp
	usar	VERB	I-asp
	,	PUNCT	O
	preço	NOUN	B-asp
	acessível	ADJ	O
	 	SPACE	O
	O	PRON	O
	que	PRON	O
	não	ADV	O
	gostei	VERB	O
	:	PUNCT	O
	Péssima	ADJ	O
	nitidez	NOUN	B-asp
	.	PUNCT	O
Sentence: 110	As	DET	O
	fotos	NOUN	B-asp
	ficam	VERB	O
	embaçadas	ADJ	O
	,	PUNCT	O
	com	ADP	O
	aspecto	NOUN	O
	de	ADP	O
	baixa	ADJ	O
	resolução	NOUN	O
	.	PUNCT	O
Sentence: 111	Quando	SCONJ	O
	o	DET	O
	objeto	NOUN	O
	da	ADP	O
	foto	NOUN	O
	está	AUX	O
	em	ADP	O
	movimento	NOUN	O
	ou	CCONJ	O
	em	ADP	O
	ambiente	NOUN	O
	com	ADP	O
	pouca	DET	O
	luminosidade	NOUN	O
	as	DET	O
	fotos	NOUN	B-asp
	ficam	VERB	O
	horríveis	ADJ	O
	,	PUNCT	O
	bastante	ADV	O
	borradas	VERB	O
Sentence: 112	medio	NOUN	O
	as	DET	O
	funçoes	NOUN	B-asp
	sao	VERB	O
	muito	ADV	O
	ruim	ADJ	O
	 	SPACE	O
	O	PRON	O
	que	PRON	O
	gostei	VERB	O
	:	PUNCT	O
	bom	ADJ	O
	muinto	ADJ	O
	rui	PROPN	O
	 	SPACE	O
	"	PUNCT	O
	A	DET	O
	aparência	NOUN	B-asp
	de	ADP	O
	um	DET	O
	produto	NOUN	O
	é	AUX	O
	algo	PRON	O
	que	PRON	O
	faz	VERB	O
	toda	DET	O
	a	DET	O
	diferença	NOUN	O
	para	ADP	O
	mim	PRON	O
	.	PUNCT	O
Sentence: 113	Esse	PRON	O
	foi	AUX	O
	o	DET	O
	principal	ADJ	O
	motivo	NOUN	O
	da	ADP	O
	minha	DET	O
	decepção	NOUN	O
	.	PUNCT	O
Sentence: 114	Além	ADV	O
	disso	PRON	O
	,	PUNCT	O
	deveria	VERB	O
	vir	VERB	O
	uma	DET	O
	película	NOUN	B-asp
	de	ADP	I-asp
	proteção	NOUN	I-asp
	sobre	ADP	O
	as	DET	O
	partes	NOUN	O
	mais	ADV	O
	sensíveis	ADJ	O
	para	SCONJ	O
	evitar	VERB	O
	m	NOUN	O
	de	SCONJ	O
	usar	VERB	O
	 	SPACE	O
	O	PRON	O
	que	PRON	O
	não	ADV	O
	gostei	VERB	O
	:	PUNCT	O
	e	CCONJ	O
	bom	ADJ	O
	ruim	ADJ	O
	para	SCONJ	O
	usar	VERB	O
Sentence: 115	Acredito	VERB	O
	que	SCONJ	O
	é	AUX	O
	um	DET	O
	excelente	ADJ	O
	produto	NOUN	B-asp
	e	CCONJ	O
	que	PRON	O
	vale	VERB	O
	muito	ADV	O
	o	DET	O
	custo	NOUN	B-asp
	benefício	NOUN	I-asp
	para	SCONJ	O
	quem	PRON	O
	quer	VERB	O
	começar	VERB	O
	a	SCONJ	O
	se	PRON	O
	aventurar	VERB	O
	com	ADP	O
	fotografias	NOUN	B-asp
	.	PUNCT	O
Sentence: 116	 	SPACE	O
	O	PRON	O
	que	PRON	O
	gostei	VERB	O
	:	PUNCT	O
	Já	ADV	O
	fotografei	NOUN	O
	com	ADP	O
	está	AUX	O
	Câmera	NOUN	O
	.	PUNCT	O
Sentence: 117	Fácil	NOUN	O
	de	SCONJ	O
	utilizar	VERB	O
	,	PUNCT	O
	auto	NOUN	B-asp
	explicativa	ADJ	I-asp
	,	PUNCT	O
	ótima	ADJ	O
	resolução	NOUN	B-asp
	e	CCONJ	O
	o	DET	O
	fácil	ADJ	O
	acesso	NOUN	O
	à	ADP	O
	utilização	NOUN	O
	das	ADP	O
	funções	NOUN	B-asp
	.	PUNCT	O
Sentence: 118	 	SPACE	O
	O	PRON	O
	que	PRON	O
	não	ADV	O
	gostei	VERB	O
	:	PUNCT	O
	--	PUNCT	O
Sentence: 119	Ao	SCONJ	O
	chegar	VERB	O
	no	ADP	O
	Uruguai	PROPN	O
	,	PUNCT	O
	percebi	VERB	O
	que	SCONJ	O
	havia	AUX	O
	esquecido	VERB	O
	a	DET	O
	minha	DET	O
	velha	ADJ	O
	Canon	PROPN	O
	PowerShot	PROPN	O
	A75	PROPN	O
	(	PUNCT	O
	que	SCONJ	O
	mesmo	ADV	O
	com	ADP	O
	quase	ADV	O
	10	NUM	O
	anos	NOUN	O
	,	PUNCT	O
	dá	VERB	O
	pau	NOUN	O
	em	ADP	O
	qualquer	DET	O
	câmerazinha	NOUN	B-asp
	de	ADP	O
	hoje	ADV	O
	)	PUNCT	O
	,	PUNCT	O
	então	ADV	O
	comprei	VERB	O
	esta	DET	O
	câmera	NOUN	B-asp
	no	ADP	O
	Free	PROPN	O
	Shop	PROPN	O
	,	PUNCT	O
	por	ADP	O
	pura	ADJ	O
	necessidade	NOUN	O
	.	PUNCT	O
Sentence: 120	Escolhi	VERB	O
	esta	DET	O
	câmera	NOUN	B-asp
	pois	SCONJ	O
	era	AUX	O
	a	DET	O
	mais	ADV	O
	barata	ADJ	B-asp
	da	ADP	O
	loja	NOUN	O
	.	PUNCT	O
Sentence: 121	Ela	PRON	O
	quebrou	VERB	O
	o	DET	O
	galho	NOUN	O
	durante	ADP	O
	a	DET	O
	viagem	NOUN	O
	,	PUNCT	O
	mas	CCONJ	O
	deixou	VERB	O
	muito	ADV	O
	a	SCONJ	O
	desejar	VERB	O
	,	PUNCT	O
	principalmente	ADV	O
	em	ADP	O
	ambientes	NOUN	O
	sem	ADP	O
	muita	DET	O
	luminosidade	NOUN	O
	,	PUNCT	O
	mas	CCONJ	O
	em	ADP	O
	ambientes	NOUN	O
	bem	ADV	O
	iluminados	VERB	O
	a	DET	O
	qualidade	NOUN	O
	pode	VERB	O
	ser	AUX	O
	satisfatória	ADJ	O
	.	PUNCT	O
Sentence: 122	Não	ADV	O
	leve	VERB	O
	os	DET	O
	megapixels	NOUN	B-asp
	da	ADP	O
	câmera	NOUN	B-asp
	como	ADP	O
	referência	NOUN	O
	,	PUNCT	O
	pois	SCONJ	O
	isso	PRON	O
	diz	VERB	O
	praticamente	ADV	O
	nada	PRON	O
	sobre	ADP	O
	a	DET	O
	qualidade	NOUN	O
	da	ADP	O
	imagem	NOUN	O
	de	ADP	O
	uma	DET	O
	câmera	NOUN	B-asp
	.	PUNCT	O
Sentence: 123	Esses	DET	O
	megapixels	NOUN	B-asp
	representam	VERB	O
	simplesmente	ADV	O
	a	DET	O
	capacidade	NOUN	O
	de	ADP	O
	ampliação	NOUN	O
	de	ADP	O
	uma	DET	O
	imagem	NOUN	O
	tirada	VERB	O
	pela	ADP	O
	câmera	NOUN	B-asp
	,	PUNCT	O
	não	ADV	O
	confundam	VERB	O
	com	ADP	O
	a	DET	O
	qualidade	NOUN	O
	da	ADP	O
	imagem	NOUN	O
	.	PUNCT	O
Sentence: 124	A	DET	O
	minha	DET	O
	velha	ADJ	O
	Canon	PROPN	O
	tem	VERB	O
	3.2	NUM	O
	megapixels	NOUN	B-asp
	,	PUNCT	O
	enquanto	ADV	O
	essa	DET	O
	Nikon	PROPN	O
	tem	VERB	O
	12	NUM	O
	,	PUNCT	O
	mas	CCONJ	O
	a	DET	O
	qualidade	NOUN	O
	das	ADP	O
	fotos	NOUN	O
	da	ADP	O
	Canon	PROPN	O
	são	AUX	O
	MUITO	ADV	O
	melhores	ADJ	O
	.	PUNCT	O
Sentence: 125	RECOMENDO	NOUN	O
	VEEMENTEMENTE	PROPN	O
	QUE	PROPN	O
	GASTE	PROPN	O
	MAIS	PROPN	O
	COM	PROPN	O
	UMA	PROPN	O
	CÂMERA	PROPN	O
	DE	PROPN	O
	QUALIDADE	PROPN	O
	,	PUNCT	O
	GARANTO	PROPN	O
	QUE	PROPN	O
	NÃO	ADV	O
	SE	VERB	O
	ARREPENDERÁ	PROPN	O
	.	PUNCT	O
Sentence: 126	 	SPACE	O
	O	PRON	O
	que	PRON	O
	gostei	VERB	O
	:	PUNCT	O
	Bateria	NOUN	O
	recarregável	ADJ	O
	;	PUNCT	O
	Bateria	NOUN	O
	dura	VERB	O
	muito	ADV	O
	;	PUNCT	O
	Câmera	NOUN	O
	muito	ADV	O
	compacta	ADJ	B-asp
	.	PUNCT	O
Sentence: 127	 	SPACE	O
	O	PRON	O
	que	PRON	O
	não	ADV	O
	gostei	VERB	O
	:	PUNCT	O
	Ausência	NOUN	O
	de	ADP	O
	visor	NOUN	B-asp
	ocular	ADJ	I-asp
	;	PUNCT	O
	Fotografias	PROPN	O
	tremidas	PROPN	O
	(	PUNCT	O
	muito	ADV	O
	ruins	ADJ	O
	)	PUNCT	O
	em	ADP	O
	ambientes	NOUN	O
	sem	ADP	O
	muita	DET	O
	iluminação	NOUN	O
	,	PUNCT	O
	mas	CCONJ	O
	de	ADP	O
	qualidade	NOUN	O
	relativamente	ADV	O
	boa	ADJ	O
	em	ADP	O
	ambientes	NOUN	O
	bem	ADV	O
	iluminados	VERB	O
	;	PUNCT	O
	Foco	NOUN	O
	deixa	VERB	O
	a	SCONJ	O
	desejar	VERB	O
	.	PUNCT	O
Sentence: 128	Câmera	PROPN	O
	boa	PROPN	O
	para	SCONJ	O
	quem	PRON	O
	não	ADV	O
	é	AUX	O
	profissional	ADJ	O
	,	PUNCT	O
	mas	CCONJ	O
	que	PRON	O
	aprecia	VERB	O
	a	DET	O
	possibilidade	NOUN	O
	de	SCONJ	O
	registrar	VERB	O
	grandes	ADJ	O
	momentos	NOUN	O
	ou	CCONJ	O
	trabalho	NOUN	O
	,	PUNCT	O
	como	ADP	O
	meu	DET	O
	caso	NOUN	O
	.	PUNCT	O
Sentence: 129	 	SPACE	O
	O	PRON	O
	que	PRON	O
	gostei	VERB	O
	:	PUNCT	O
	Boa	ADJ	O
	relação	NOUN	O
	custo-benefício	NOUN	B-asp
	 	SPACE	O
	O	PRON	O
	que	PRON	O
	não	ADV	O
	gostei	VERB	O
	:	PUNCT	O
	O	DET	O
	peso	NOUN	B-asp
	e	CCONJ	O
	o	DET	O
	volume	NOUN	B-asp
	podem	VERB	O
	ser	AUX	O
	desvantagens	NOUN	O
	para	SCONJ	O
	quem	PRON	O
	não	ADV	O
	gosta	VERB	O
	de	SCONJ	O
	carregar	VERB	O
	muita	DET	O
	coisa	NOUN	O
Sentence: 130	Fiquei	VERB	O
	com	ADP	O
	ele	PRON	O
	e	CCONJ	O
	próximo	ADV	O
	dos	ADP	O
	10	NUM	O
	meses	NOUN	O
	de	ADP	O
	uso	NOUN	O
	ele	PRON	O
	apresentou	VERB	O
	problemas	NOUN	O
	no	ADP	O
	flash	NOUN	B-asp
	,	PUNCT	O
	mandei	VERB	O
	para	ADP	O
	garantia	NOUN	B-asp
	e	CCONJ	O
	depois	ADV	O
	voltou	VERB	O
	com	ADP	O
	pani	PROPN	O
	geral	ADJ	O
	inclusive	ADV	O
	problema	NOUN	O
	na	ADP	O
	lente	NOUN	B-asp
	,	PUNCT	O
	resumindo	VERB	O
	,	PUNCT	O
	o	DET	O
	produto	NOUN	B-asp
	retornou	VERB	O
	praticamente	ADV	O
	no	ADP	O
	final	NOUN	O
	da	ADP	O
	garantia	NOUN	B-asp
	,	PUNCT	O
	e	CCONJ	O
	ao	SCONJ	O
	devolver	VERB	O
	recebi	VERB	O
	um	DET	O
	orçamento	NOUN	O
	de	ADP	O
	praticamente	ADV	O
	o	DET	O
	valor	NOUN	O
	do	ADP	O
	produto	NOUN	B-asp
	,	PUNCT	O
	pois	SCONJ	O
	todas	DET	O
	as	DET	O
	peças	NOUN	B-asp
	são	AUX	O
	da	ADP	O
	China	PROPN	O
	.	PUNCT	O
Sentence: 131	Vergonha	NOUN	O
	!	PUNCT	O
Sentence: 132	Recomendo	VERB	O
	pelo	ADP	O
	baixo	ADJ	O
	custo	NOUN	B-asp
	e	CCONJ	O
	alta	ADJ	O
	qualidade	NOUN	O
	.	PUNCT	O
Sentence: 133	 	SPACE	O
	O	PRON	O
	que	PRON	O
	gostei	VERB	O
	:	PUNCT	O
	Câmera	PROPN	O
	Semi	PROPN	O
	profissiional	PROPN	O
	excelente	ADJ	O
	e	CCONJ	O
	de	ADP	O
	baixo	ADJ	O
	custo	NOUN	B-asp
	!	PUNCT	O
Sentence: 134	 	SPACE	O
	O	PRON	O
	que	PRON	O
	não	ADV	O
	gostei	VERB	O
	:	PUNCT	O
	Baixa	VERB	O
	resolução	NOUN	B-asp
Sentence: 135	muito	ADV	O
	bom	ADJ	O
	mais	ADV	O
	a	DET	O
	bateria	NOUN	B-asp
	,	PUNCT	O
	precisa	VERB	O
	melhora	NOUN	O
	 	SPACE	O
	O	PRON	O
	que	PRON	O
	gostei	VERB	O
	:	PUNCT	O
	imagem	NOUN	B-asp
	muito	ADV	O
	boa	ADJ	O
	 	SPACE	O
	O	PRON	O
	que	PRON	O
	não	ADV	O
	gostei	VERB	O
	:	PUNCT	O
	bateria	NOUN	B-asp
	dura	VERB	O
	pouco	ADV	O
Sentence: 136	A	DET	O
	Canon	PROPN	O
	Rebel	PROPN	O
	T3i	PROPN	O
	é	AUX	O
	uma	DET	O
	câmera	NOUN	B-asp
	ótima	ADJ	O
	,	PUNCT	O
	tanto	ADV	O
	para	ADP	O
	iniciante	NOUN	O
	,	PUNCT	O
	quanto	ADV	O
	para	ADP	O
	profissionais	NOUN	O
	do	ADP	O
	ramo	NOUN	O
	,	PUNCT	O
	por	ADP	O
	sua	DET	O
	qualidade	NOUN	B-asp
	de	ADP	I-asp
	imagem	NOUN	I-asp
	e	CCONJ	O
	preço	NOUN	B-asp
	mais	ADV	O
	acessíveis	ADJ	O
	do	ADP	O
	que	PRON	O
	suas	DET	O
	seguintes	NOUN	O
	(	PUNCT	O
	60D	PROPN	O
	,	PUNCT	O
	7D	PROPN	O
	,	PUNCT	O
	5D	PROPN	O
	)	PUNCT	O
	.	PUNCT	O
Sentence: 137	 	SPACE	O
	O	PRON	O
	que	PRON	O
	gostei	VERB	O
	:	PUNCT	O
	*	PUNCT	O
	Mesmo	ADV	O
	sendo	AUX	O
	uma	DET	O
	câmera	NOUN	B-asp
	profissional	ADJ	O
	de	ADP	O
	"	PUNCT	O
	Nível	NOUN	O
	Iniciante	PROPN	O
	"	PUNCT	O
	possui	VERB	O
	grande	ADJ	O
	qualidade	NOUN	B-asp
	de	ADP	I-asp
	imagem	NOUN	I-asp
	e	CCONJ	O
	vídeo	NOUN	B-asp
	,	PUNCT	O
	oque	PRON	O
	proporciona	VERB	O
	liberdade	NOUN	O
	da	ADP	O
	criatividade	NOUN	O
	.	PUNCT	O
Sentence: 138	 	SPACE	O
	O	PRON	O
	que	PRON	O
	não	ADV	O
	gostei	VERB	O
	:	PUNCT	O
	*	PUNCT	O
	Curta	PROPN	O
	duração	NOUN	O
	de	ADP	O
	bateria	NOUN	B-asp
	.	PUNCT	O
	*	PUNCT	O
Sentence: 139	Dificuldade	NOUN	O
	para	ADP	O
	fotos	NOUN	B-asp
	noturnas	ADJ	I-asp
	sem	ADP	O
	flash	NOUN	B-asp
	.	PUNCT	O
Sentence: 140	Tem	VERB	O
	uma	DET	O
	resolução	NOUN	B-asp
	maravilhosa	ADJ	O
	,	PUNCT	O
	mas	CCONJ	O
	eu	PRON	O
	queria	VERB	O
	uma	NUM	O
	 	SPACE	O
	maquina	NOUN	B-asp
	que	PRON	O
	ao	SCONJ	O
	clicar	VERB	O
	ela	PRON	O
	tirasse	VERB	O
	a	DET	O
	foto	NOUN	O
	de	ADP	O
	forma	NOUN	O
	instantanea	ADJ	O
	e	CCONJ	O
	isso	PRON	O
	não	ADV	O
	acontece	VERB	O
	 	SPACE	O
	O	PRON	O
	que	PRON	O
	gostei	VERB	O
	:	PUNCT	O
	-	PUNCT	O
	Boa	PROPN	O
	qualidade	NOUN	B-asp
	das	ADP	I-asp
	imagens	NOUN	I-asp
	em	ADP	O
	locais	NOUN	O
	bem	ADV	O
	iluminados	VERB	O
	;	PUNCT	O
	-	PUNCT	O
	Visor	NOUN	O
	frontal	ADJ	O
	de	ADP	O
	1,5	NUM	O
	polegada	NOUN	O
	;	PUNCT	O
	-	PUNCT	O
	Dá	VERB	O
	para	SCONJ	O
	inserir	VERB	O
	filtros	NOUN	B-asp
	nas	ADP	I-asp
	imagens	NOUN	I-asp
	,	PUNCT	O
	deixando	VERB	O
	as	DET	O
	imagens	NOUN	O
	mais	ADV	O
	divertidas	ADJ	O
	.	PUNCT	O
Sentence: 141	 	SPACE	O
	O	PRON	O
	que	PRON	O
	não	ADV	O
	gostei	VERB	O
	:	PUNCT	O
	pouca	DET	O
	memória	NOUN	B-asp
	interna	ADJ	I-asp
	,	PUNCT	O
	não	ADV	O
	bate	VERB	O
	rápido	ADJ	O
	fotos	NOUN	O
	seguidas	VERB	O
	,	PUNCT	O
	demora	VERB	B-asp
	a	SCONJ	I-asp
	responder	VERB	I-asp
	quando	ADV	O
	clicada	VERB	O
Sentence: 142	Apesar	ADV	O
	de	ADP	O
	ter	AUX	O
	constatado	VERB	O
	que	SCONJ	O
	algumas	DET	O
	opções	NOUN	B-asp
	da	ADP	O
	Sony	PROPN	O
	parecem	VERB	O
	ser	AUX	O
	em	ADP	O
	aspectos	NOUN	O
	gerais	ADJ	O
	bem	ADV	O
	mais	ADV	O
	superiores	ADJ	O
	,	PUNCT	O
	essa	DET	O
	câmera	NOUN	B-asp
	(	PUNCT	O
	WB2000	PROPN	O
	)	PUNCT	O
	tem	VERB	O
	algo	PRON	O
	especial	ADJ	O
	no	ADP	O
	seu	DET	O
	todo	PRON	O
	que	PRON	O
	a	PRON	O
	faz	VERB	O
	parecer	VERB	O
	ser	AUX	O
	melhor	ADJ	O
	do	ADP	O
	que	PRON	O
	efetivamente	ADV	O
	ela	PRON	O
	é	AUX	O
	.	PUNCT	O
Sentence: 143	Até	ADV	O
	teria	VERB	O
	outra	DET	O
	opção	NOUN	O
	,	PUNCT	O
	principalmente	ADV	O
	da	ADP	O
	Sony	PROPN	O
	que	PRON	O
	é	AUX	O
	top	ADJ	O
	,	PUNCT	O
	mas	CCONJ	O
	sem	SCONJ	O
	me	PRON	O
	desfazer	VERB	O
	dessa	ADP	O
	Samsung	PROPN	O
	.	PUNCT	O
Sentence: 144	No	ADP	O
	geral	NOUN	O
	dou	VERB	O
	NOTA	NOUN	O
	9	NUM	O
	e	CCONJ	O
	recomendo	VERB	O
	.	PUNCT	O
Sentence: 145	 	SPACE	O
	O	PRON	O
	que	PRON	O
	gostei	VERB	O
	:	PUNCT	O
	Design	NOUN	O
	elegante	ADJ	O
	,	PUNCT	O
	qualidade	NOUN	O
	de	ADP	O
	imagem	NOUN	O
	e	CCONJ	O
	tamanho	NOUN	O
	da	ADP	O
	tela	NOUN	O
	(	PUNCT	O
	amoled	PROPN	O
	)	PUNCT	O
	,	PUNCT	O
	recurso	NOUN	O
	de	ADP	O
	gravação	NOUN	B-asp
	de	ADP	I-asp
	vídeo	NOUN	I-asp
	e	CCONJ	O
	gravação	NOUN	O
	em	ADP	O
	full	PROPN	O
	HD	PROPN	O
	,	PUNCT	O
	vem	VERB	O
	com	ADP	O
	cartão	NOUN	B-asp
	de	ADP	O
	2	NUM	O
	GB	NOUN	O
	da	ADP	O
	Samsung	PROPN	O
	,	PUNCT	O
	qualidade	NOUN	O
	da	ADP	O
	imagem	NOUN	O
	e	CCONJ	O
	das	ADP	O
	cores	NOUN	B-asp
	,	PUNCT	O
	qualidade	NOUN	O
	da	ADP	O
	lente	NOUN	O
	,	PUNCT	O
	opção	NOUN	O
	de	ADP	O
	gravação	NOUN	B-asp
	de	ADP	I-asp
	vídeos	NOUN	O
	em	ADP	O
	baixas	ADJ	O
	rotações	NOUN	O
	(	PUNCT	O
	slow	X	B-asp
	motion	X	I-asp
	)	PUNCT	O
	,	PUNCT	O
	mostrador	NOUN	B-asp
	do	ADP	I-asp
	nível	NOUN	I-asp
	de	ADP	I-asp
	bateria	NOUN	I-asp
	e	CCONJ	I-asp
	memória	NOUN	I-asp
	.	PUNCT	O
Sentence: 146	 	SPACE	O
	O	PRON	O
	que	PRON	O
	não	ADV	O
	gostei	VERB	O
	:	PUNCT	O
	Só	ADV	O
	fica	VERB	O
	em	ADP	O
	Widscreen	PROPN	O
	com	ADP	O
	resolução	NOUN	B-asp
	até	ADP	O
	7MP	NUM	O
	,	PUNCT	O
	resolução	NOUN	B-asp
	de	ADP	O
	somente	ADV	O
	até	ADP	O
	10MP	NOUN	O
	(	PUNCT	O
	poderia	VERB	O
	ser	AUX	O
	um	DET	O
	pouco	ADV	O
	maior	ADJ	O
	)	PUNCT	O
	,	PUNCT	O
	Zoom	PROPN	O
	de	ADP	O
	somente	ADV	O
	5x	NOUN	O
	(	PUNCT	O
	poderia	VERB	O
	ser	AUX	O
	bem	ADV	O
	maior	ADJ	O
	)	PUNCT	O
	,	PUNCT	O
	um	DET	O
	quase	ADV	O
	imperceptível	ADJ	O
	ruído	NOUN	O
	constante	ADJ	O
	acredito	VERB	O
	que	SCONJ	O
	de	ADP	O
	processamento	NOUN	O
	da	ADP	O
	imagem	NOUN	O
	enquanto	ADV	O
	o	DET	O
	óptico	NOUN	O
	está	AUX	O
	acionado	ADJ	O
	,	PUNCT	O
	vídeo	NOUN	O
	em	ADP	O
	slow	NOUN	B-asp
	motion	PROPN	I-asp
	tem	VERB	O
	resolução	NOUN	B-asp
	de	ADP	O
	qualidade	NOUN	O
	reduzidíssima	ADJ	O
	.	PUNCT	O
Sentence: 147	camera	PROPN	B-asp
	de	ADP	O
	excelente	ADJ	O
	qualidade	NOUN	O
	e	CCONJ	O
	recursos	NOUN	B-asp
	bastante	ADV	O
	uteis	ADJ	O
	 	SPACE	O
	O	PRON	O
	que	PRON	O
	gostei	VERB	O
	:	PUNCT	O
	camera	NOUN	B-asp
	de	ADP	O
	excelente	ADJ	O
	qualidade	NOUN	O
	e	CCONJ	O
	recursos	NOUN	B-asp
	bastante	ADV	O
	uteis	ADJ	O
	 	SPACE	O
	O	PRON	O
	que	PRON	O
	não	ADV	O
	gostei	VERB	O
	:	PUNCT	O
	dificuldade	NOUN	O
	no	ADP	O
	manuseio	NOUN	B-asp
	e	CCONJ	O
	assistencia	PROPN	B-asp
	tecnica	ADJ	I-asp
Sentence: 148	Fiquei	VERB	O
	fascinado	VERB	O
	com	ADP	O
	os	DET	O
	recursos	NOUN	B-asp
	,	PUNCT	O
	mas	CCONJ	O
	no	ADP	O
	quesito	NOUN	O
	cores	NOUN	B-asp
	a	DET	O
	Sony	PROPN	O
	que	PRON	O
	ainda	ADV	O
	possuo	VERB	O
	dá	VERB	O
	um	DET	O
	"	PUNCT	O
	baile	NOUN	O
	"	PUNCT	O
	.	PUNCT	O
Sentence: 149	 	SPACE	O
	O	PRON	O
	que	PRON	O
	gostei	VERB	O
	:	PUNCT	O
	Vários	DET	O
	recursos	NOUN	B-asp
	,	PUNCT	O
	boa	ADJ	O
	velocidade	NOUN	B-asp
	na	ADP	O
	captura	NOUN	O
	de	ADP	O
	fotos	NOUN	O
	,	PUNCT	O
	intuitiva	ADJ	B-asp
	,	PUNCT	O
	imagens	NOUN	O
	nítidas	ADJ	O
	nas	ADP	O
	filmagens	NOUN	B-asp
	Full	PROPN	O
	HD	PROPN	O
	apesar	ADV	O
	de	ADP	O
	ser	AUX	O
	30fps	PROPN	O
	 	SPACE	O
	O	PRON	O
	que	PRON	O
	não	ADV	O
	gostei	VERB	O
	:	PUNCT	O
	A	DET	O
	cor	NOUN	B-asp
	das	ADP	I-asp
	fotos	NOUN	I-asp
	fica	VERB	O
	"	PUNCT	O
	desbotada	VERB	O
	"	PUNCT	O
	,	PUNCT	O
	no	ADP	O
	visor	NOUN	B-asp
	LCD	PROPN	O
	a	DET	O
	imagem	NOUN	O
	é	AUX	O
	nitida	VERB	O
	com	ADP	O
	cores	NOUN	B-asp
	fortes	ADJ	O
	e	CCONJ	O
	reais	ADJ	O
	,	PUNCT	O
	porém	CCONJ	O
	ao	SCONJ	O
	ver	VERB	O
	numa	ADP	O
	TV	NOUN	O
	via	VERB	O
	HDMI	PROPN	O
	ou	CCONJ	O
	lendo	VERB	O
	o	DET	O
	cartão	NOUN	O
	SD	PROPN	O
	em	ADP	O
	dois	NUM	O
	computadores	NOUN	O
	diferentes	ADJ	O
	a	DET	O
	cor	NOUN	B-asp
	está	AUX	O
	fraca	ADJ	O
	e	CCONJ	O
	fora	ADV	O
	da	ADP	O
	realidade	NOUN	O
	.	PUNCT	O
Sentence: 150	Ótimo	PROPN	O
	custo\benefício	NOUN	B-asp
	para	SCONJ	O
	quem	PRON	O
	quer	VERB	O
	gravar	VERB	O
	momentos	NOUN	O
	interessantes	ADJ	O
	como	ADP	O
	viagens	NOUN	O
	e	CCONJ	O
	festas	NOUN	O
	,	PUNCT	O
	sem	SCONJ	O
	gastar	VERB	O
	uma	DET	O
	fortuna	NOUN	O
	.	PUNCT	O
Sentence: 151	 	SPACE	O
	O	PRON	O
	que	PRON	O
	gostei	VERB	O
	:	PUNCT	O
	Compacta	NOUN	O
	,	PUNCT	O
	boa	ADJ	O
	resolução	NOUN	B-asp
	.	PUNCT	O
Sentence: 152	 	SPACE	O
	O	PRON	O
	que	PRON	O
	não	ADV	O
	gostei	VERB	O
	:	PUNCT	O
	Acionamento	NOUN	O
	de	ADP	O
	funções	NOUN	B-asp
Sentence: 153	Até	ADP	O
	o	DET	O
	momento	NOUN	O
	nenhuma	DET	O
	falha	NOUN	O
	grave	ADJ	O
	aconteceu	VERB	O
	.	PUNCT	O
Sentence: 154	O	DET	O
	produto	NOUN	B-asp
	tem	AUX	O
	atendido	VERB	O
	as	DET	O
	expectativas	NOUN	O
	.	PUNCT	O
Sentence: 155	 	SPACE	O
	O	PRON	O
	que	PRON	O
	gostei	VERB	O
	:	PUNCT	O
	câmera	NOUN	B-asp
	compacta	ADJ	B-asp
	com	ADP	O
	boa	ADJ	O
	qualidade	NOUN	B-asp
	de	ADP	I-asp
	imagem	NOUN	I-asp
	 	SPACE	O
	O	PRON	O
	que	PRON	O
	não	ADV	O
	gostei	VERB	O
	:	PUNCT	O
	bateria	NOUN	B-asp
	poderia	VERB	O
	durar	VERB	O
	um	DET	O
	pouco	ADV	O
	mais	ADV	O
	.	PUNCT	O
Sentence: 156	Comprei	VERB	O
	o	DET	O
	produto	NOUN	B-asp
	por	ADP	O
	acaso	NOUN	O
	.	PUNCT	O
Sentence: 157	Mas	CCONJ	O
	fiquei	VERB	O
	satisfeito	ADJ	O
	com	ADP	O
	sua	DET	O
	funcionalidade	NOUN	B-asp
	.	PUNCT	O
Sentence: 158	 	SPACE	O
	O	PRON	O
	que	PRON	O
	gostei	VERB	O
	:	PUNCT	O
	O	DET	O
	produto	NOUN	B-asp
	atende	VERB	O
	as	DET	O
	minhas	DET	O
	necessidades	NOUN	O
	.	PUNCT	O
Sentence: 159	 	SPACE	O
	O	PRON	O
	que	PRON	O
	não	ADV	O
	gostei	VERB	O
	:	PUNCT	O
	Não	ADV	O
	é	AUX	O
	incluída	VERB	O
	uma	DET	O
	bateria	NOUN	B-asp
	reserva	ADJ	I-asp
	.	PUNCT	O
Sentence: 160	Excelente	ADJ	O
	para	SCONJ	O
	quem	PRON	O
	é	AUX	O
	fã	NOUN	O
	de	ADP	O
	fotografia	NOUN	B-asp
	com	ADP	O
	qualidade	NOUN	O
	,	PUNCT	O
	seja	VERB	O
	pra	ADP	O
	casa	NOUN	O
	ou	CCONJ	O
	projetos	NOUN	O
	pessoais	ADJ	O
	.	PUNCT	O
Sentence: 161	Tem	VERB	O
	uma	DET	O
	objetiva	ADJ	B-asp
	muito	ADV	O
	boa	ADJ	O
	e	CCONJ	O
	um	DET	O
	zoom	NOUN	B-asp
	de	SCONJ	O
	dar	VERB	O
	inveja	NOUN	O
	às	ADP	O
	compactas	NOUN	O
	.	PUNCT	O
Sentence: 162	 	SPACE	O
	O	PRON	O
	que	PRON	O
	gostei	VERB	O
	:	PUNCT	O
	Zoom	PROPN	O
	,	PUNCT	O
	possibilidade	NOUN	O
	de	SCONJ	O
	customiza-la	VERB	O
	 	SPACE	O
	O	PRON	O
	que	PRON	O
	não	ADV	O
	gostei	VERB	O
	:	PUNCT	O
	Preço	NOUN	O
Sentence: 163	ótimo	ADJ	O
	custo	NOUN	B-asp
	beneficio	PROPN	O
	,	PUNCT	O
	para	SCONJ	O
	ser	AUX	O
	perfeito	ADJ	O
	só	ADV	O
	precisava	VERB	O
	vir	VERB	O
	com	ADP	O
	mais	DET	O
	memória	NOUN	B-asp
	e	CCONJ	O
	o	DET	O
	preço	NOUN	B-asp
	ser	AUX	O
	menor	ADJ	O
	.	PUNCT	O
Sentence: 164	 	SPACE	O
	O	PRON	O
	que	PRON	O
	gostei	VERB	O
	:	PUNCT	O
	Exelente	PROPN	O
	Zoom	PROPN	O
	,	PUNCT	O
	ótima	ADJ	O
	qualidade	NOUN	B-asp
	de	ADP	I-asp
	imagem	NOUN	I-asp
	,	PUNCT	O
	facilidade	NOUN	O
	para	ADP	O
	navegação	NOUN	B-asp
	nas	ADP	I-asp
	fotos	NOUN	I-asp
	já	ADV	O
	tiradas	VERB	O
	 	SPACE	O
	O	PRON	O
	que	PRON	O
	não	ADV	O
	gostei	VERB	O
	:	PUNCT	O
	pouca	DET	O
	memória	NOUN	B-asp
Sentence: 165	É	AUX	O
	uma	DET	O
	câmera	NOUN	B-asp
	muito	ADV	O
	boa	ADJ	O
	.	PUNCT	O
Sentence: 166	Com	ADP	O
	muitos	DET	O
	recursos	NOUN	B-asp
	e	CCONJ	O
	ótima	ADJ	O
	qualidade	NOUN	B-asp
	das	ADP	I-asp
	fotos	NOUN	I-asp
	.	PUNCT	O
Sentence: 167	Eu	PRON	O
	estou	AUX	O
	muito	ADV	O
	satisfeito	ADJ	O
	com	ADP	O
	ela	PRON	O
	.	PUNCT	O
Sentence: 168	 	SPACE	O
	O	PRON	O
	que	PRON	O
	gostei	VERB	O
	:	PUNCT	O
	As	DET	O
	fotos	NOUN	O
	ficam	VERB	O
	com	ADP	O
	ótima	ADJ	O
	qualidade	NOUN	O
	,	PUNCT	O
	é	AUX	O
	fácil	ADJ	B-asp
	de	SCONJ	I-asp
	manusear	VERB	I-asp
	e	CCONJ	O
	tem	VERB	O
	um	DET	O
	ótimo	ADJ	O
	zoom	NOUN	B-asp
	.	PUNCT	O
Sentence: 169	 	SPACE	O
	O	PRON	O
	que	PRON	O
	não	ADV	O
	gostei	VERB	O
	:	PUNCT	O
	É	AUX	O
	um	DET	O
	pouco	ADV	O
	grande	ADJ	B-asp
	,	PUNCT	O
	mas	CCONJ	O
	isso	PRON	O
	não	ADV	O
	chega	VERB	O
	a	SCONJ	O
	ser	AUX	O
	um	DET	O
	problema	NOUN	O
	,	PUNCT	O
	e	CCONJ	O
	a	DET	O
	qualidade	NOUN	B-asp
	das	ADP	I-asp
	fotos	NOUN	I-asp
	compensa	NOUN	O
	.	PUNCT	O
Sentence: 170	Excelente	ADJ	O
	,	PUNCT	O
	ate	ADV	O
	hoje	ADV	O
	todo	DET	O
	mundo	NOUN	O
	se	PRON	O
	impressiona	VERB	O
	com	ADP	O
	o	DET	O
	tamanho	NOUN	B-asp
	e	CCONJ	O
	a	DET	O
	beleza	NOUN	B-asp
	dela	PRON	O
	,	PUNCT	O
	alem	PROPN	O
	de	ADP	O
	fotos	NOUN	B-asp
	perfeitas	ADJ	O
	que	PRON	O
	podem	VERB	O
	ser	AUX	O
	tiradas	VERB	O
	até	ADP	O
	6.3	NUM	O
	megapixels	NOUN	B-asp
	!	PUNCT	O
Sentence: 171	 	SPACE	O
	O	PRON	O
	que	PRON	O
	gostei	VERB	O
	:	PUNCT	O
	Fina	NOUN	O
	,	PUNCT	O
	pratica	VERB	B-asp
	e	CCONJ	O
	leve	ADJ	B-asp
	 	SPACE	O
	O	PRON	O
	que	PRON	O
	não	ADV	O
	gostei	VERB	O
	:	PUNCT	O
	Nenhum	DET	O
	!	PUNCT	O
Sentence: 172	Um	DET	O
	imagem	NOUN	O
	vale	VERB	O
	mais	ADV	O
	que	SCONJ	O
	mil	NUM	O
	palavras	NOUN	O
	.	PUNCT	O
Sentence: 173	Quem	PRON	O
	tem	VERB	O
	dúvida	NOUN	O
	sobre	ADP	O
	a	DET	O
	qualidade	NOUN	B-asp
	das	ADP	I-asp
	fotos	NOUN	I-asp
	desta	ADP	O
	câmera	NOUN	B-asp
	acesse	VERB	O
	o	DET	O
	link	NOUN	O
	:	PUNCT	O
	http://www.flickr.com/cameras/pentax/optio_e10/	PUNCT	O
	Obs	PROPN	O
	:	PUNCT	O
	É	AUX	O
	preciso	ADJ	O
	ler	VERB	O
	atentamente	ADV	O
	o	DET	O
	manual	NOUN	B-asp
	de	ADP	I-asp
	instruções	NOUN	I-asp
	.	PUNCT	O
Sentence: 174	Qualquer	DET	O
	regulagem	NOUN	O
	indevida	ADJ	O
	ao	ADP	O
	ambiente	NOUN	O
	ocasionará	VERB	O
	fotos	NOUN	O
	com	ADP	O
	deficiência	NOUN	O
	.	PUNCT	O
Sentence: 175	O	DET	O
	modo	NOUN	O
	Macro	PROPN	O
	também	ADV	O
	,	PUNCT	O
	é	AUX	O
	de	ADP	O
	ótima	ADJ	O
	qualidade	NOUN	O
	proporcionando	VERB	O
	fotos	NOUN	O
	incríveis	ADJ	O
	de	ADP	O
	flores	NOUN	O
	,	PUNCT	O
	insetos	NOUN	O
	e	CCONJ	O
	pequenos	ADJ	O
	objetos	NOUN	O
	!	PUNCT	O
Sentence: 176	 	SPACE	O
	O	PRON	O
	que	PRON	O
	gostei	VERB	O
	:	PUNCT	O
	Exelente	PROPN	O
	qualidade	NOUN	B-asp
	de	ADP	I-asp
	imagens	NOUN	I-asp
	,	PUNCT	O
	bons	ADJ	O
	recursos	NOUN	B-asp
	de	ADP	I-asp
	configuração	NOUN	I-asp
	e	CCONJ	O
	ótimo	ADJ	O
	visor	NOUN	O
	LCD	PROPN	O
	.	PUNCT	O
Sentence: 177	 	SPACE	O
	O	PRON	O
	que	PRON	O
	não	ADV	O
	gostei	VERB	O
	:	PUNCT	O
	Pouca	PROPN	O
	memória	NOUN	B-asp
	interna	ADJ	I-asp
	e	CCONJ	O
	qualidade	NOUN	B-asp
	dos	ADP	I-asp
	videos	NOUN	I-asp
	.	PUNCT	O
Sentence: 178	É	AUX	O
	uma	DET	O
	excelente	ADJ	O
	máquina	NOUN	B-asp
	para	SCONJ	O
	quem	PRON	O
	não	ADV	O
	quer	VERB	O
	uma	DET	O
	resolução	NOUN	B-asp
	profissional	ADJ	O
	,	PUNCT	O
	5.0	NUM	O
	Megapixels	NOUN	O
	é	AUX	O
	ótimo	ADJ	O
	para	ADP	O
	usuários	NOUN	O
	domésticos	ADJ	O
	.	PUNCT	O
Sentence: 179	Uma	DET	O
	máquina	NOUN	B-asp
	compacta	ADJ	B-asp
	de	ADP	O
	fácil	ADJ	O
	manuseio	NOUN	B-asp
	.	PUNCT	O
Sentence: 180	Excelente	ADJ	O
	custo-benefício	NOUN	B-asp
	.	PUNCT	O
Sentence: 181	Muito	ADV	O
	boa	ADJ	O
	!	PUNCT	O
Sentence: 182	 	SPACE	O
	O	PRON	O
	que	PRON	O
	gostei	VERB	O
	:	PUNCT	O
	Uma	DET	O
	máquina	NOUN	B-asp
	compacta	ADJ	B-asp
	de	ADP	O
	fácil	ADJ	O
	manuseio	NOUN	B-asp
	com	ADP	O
	redutor	NOUN	B-asp
	de	ADP	I-asp
	olhos	NOUN	I-asp
	vermelhos	ADJ	I-asp
	e	CCONJ	O
	outras	DET	O
	funções	NOUN	O
	de	ADP	O
	fácil	ADJ	O
	acesso	NOUN	O
	.	PUNCT	O
Sentence: 183	Menu	NOUN	O
	em	ADP	O
	Português	PROPN	O
	.	PUNCT	O
Sentence: 184	 	SPACE	O
	O	PRON	O
	que	PRON	O
	não	ADV	O
	gostei	VERB	O
	:	PUNCT	O
	Nada	PRON	O
Sentence: 185	Quem	PRON	O
	não	ADV	O
	tem	VERB	O
	uma	DET	O
	câmera	NOUN	B-asp
	digital	ADJ	I-asp
	olympus	PROPN	O
	(	PUNCT	O
	que	PRON	O
	é	AUX	O
	sem	SCONJ	O
	duvida	NOUN	O
	a	DET	O
	camera	NOUN	O
	mais	ADV	O
	vendida	VERB	O
	no	ADP	O
	brasil	PROPN	O
	pela	ADP	O
	sua	DET	O
	qualidade	NOUN	O
	e	CCONJ	O
	facilidade	NOUN	B-asp
	na	ADP	O
	sua	DET	O
	operação)não	ADV	O
	tem	VERB	O
	história	NOUN	O
	...	PUNCT	O
Sentence: 186	já	ADV	O
	pensou	VERB	O
	no	PRON	O
	que	PRON	O
	você	PRON	O
	velhinho(a	VERB	O
	)	PUNCT	O
	sentado	VERB	O
	com	ADP	O
	seu	DET	O
	neto(a	NOUN	O
	)	PUNCT	O
	mostrando	VERB	O
	seu	DET	O
	album	NOUN	O
	digital	ADJ	O
	de	ADP	O
	fotos	NOUN	O
	?	PUNCT	O
Sentence: 187	então	ADV	O
	que	SCONJ	O
	você	PRON	O
	tá	AUX	O
	esperando	VERB	O
	?	PUNCT	O
	....	PUNCT	O
	;	PUNCT	O
Sentence: 188	 	SPACE	O
	O	PRON	O
	que	PRON	O
	gostei	VERB	O
	:	PUNCT	O
	é	AUX	O
	muito	ADV	O
	fácil	ADJ	B-asp
	de	SCONJ	I-asp
	operar	VERB	I-asp
	...	PUNCT	O
Sentence: 189	e	CCONJ	O
	a	DET	O
	resolução	NOUN	B-asp
	é	AUX	O
	uma	NUM	O
	das	ADP	O
	melhores	NOUN	O
	existentes	ADJ	O
	no	ADP	O
	mercado	NOUN	O
	mundial	ADJ	O
	.	PUNCT	O
Sentence: 190	 	SPACE	O
	O	PRON	O
	que	PRON	O
	não	ADV	O
	gostei	VERB	O
	:	PUNCT	O
	Nenhum	DET	O
	.	PUNCT	O
Sentence: 191	Muito	ADV	O
	bom	ADJ	O
	produto	NOUN	B-asp
	em	ADP	O
	seu	DET	O
	aspecto	NOUN	O
	de	ADP	O
	leveza	NOUN	B-asp
	e	CCONJ	O
	qualidade	NOUN	O
	além	ADV	O
	de	ADP	O
	ter	VERB	O
	a	DET	O
	marca	NOUN	B-asp
	OLYMPUS	PROPN	O
	,	PUNCT	O
	que	PRON	O
	indica	VERB	O
	um	DET	O
	baixo	ADJ	O
	custo	NOUN	B-asp
	e	CCONJ	O
	uma	DET	O
	ótima	ADJ	O
	qualidade	NOUN	O
	.	PUNCT	O
Sentence: 192	 	SPACE	O
	O	PRON	O
	que	PRON	O
	gostei	VERB	O
	:	PUNCT	O
	Produto	PROPN	O
	de	ADP	O
	ótima	ADJ	O
	qualidade	NOUN	O
	com	ADP	O
	seu	DET	O
	zoom	NOUN	B-asp
	ótico	ADJ	O
	de	ADP	O
	3x	NOUN	O
	,	PUNCT	O
	aproxima	VERB	O
	a	DET	O
	imagem	NOUN	O
	sem	SCONJ	O
	perder	VERB	O
	a	DET	O
	qualidade	NOUN	O
	,	PUNCT	O
	tem	VERB	O
	também	ADV	O
	o	DET	O
	visor	NOUN	B-asp
	de	ADP	O
	2,5	NUM	O
	"	PUNCT	O
	que	PRON	O
	não	ADV	O
	faz	VERB	O
	perder	VERB	O
	nenhum	DET	O
	detalhe	NOUN	O
	da	ADP	O
	foto	NOUN	O
	.	PUNCT	O
Sentence: 193	 	SPACE	O
	O	PRON	O
	que	PRON	O
	não	ADV	O
	gostei	VERB	O
	:	PUNCT	O
	Memória	NOUN	O
	interna	ADJ	O
	de	ADP	O
	apenas	ADV	O
	10	NUM	O
	Megas	NOUN	O
	,	PUNCT	O
	não	ADV	O
	vem	VERB	O
	com	ADP	O
	cartão	NOUN	O
	XD	PROPN	O
	,	PUNCT	O
	o	DET	O
	som	NOUN	B-asp
	poderia	VERB	O
	ter	VERB	O
	uma	DET	O
	qualidade	NOUN	O
	melhor	ADJ	O
	.	PUNCT	O
Sentence: 194	Há	VERB	O
	muitos	DET	O
	momentos	NOUN	O
	marcantes	ADJ	O
	em	ADP	O
	nossa	DET	O
	vida	NOUN	O
	,	PUNCT	O
	mas	CCONJ	O
	muitos	PRON	O
	deixam	VERB	O
	de	SCONJ	O
	ser	AUX	O
	marcantes	ADJ	O
	e	CCONJ	O
	ficam	VERB	O
	esquecidos	ADJ	O
	.	PUNCT	O
Sentence: 195	Momentos	NOUN	O
	que	PRON	O
	poderiam	VERB	O
	ser	AUX	O
	lembrados	VERB	O
	em	ADP	O
	forma	NOUN	O
	de	ADP	O
	foto	NOUN	O
	caem	VERB	O
	no	ADP	O
	esquecimento	NOUN	O
	.	PUNCT	O
Sentence: 196	Uma	DET	O
	forma	NOUN	O
	de	ADP	O
	armazenamento	NOUN	O
	como	ADP	O
	esse	PRON	O
	não	ADV	O
	pode	VERB	O
	ser	AUX	O
	deixado	VERB	O
	para	ADP	O
	trás	ADV	O
	.	PUNCT	O
Sentence: 197	 	SPACE	O
	O	PRON	O
	que	PRON	O
	gostei	VERB	O
	:	PUNCT	O
	-	PUNCT	O
	Altíssima	ADJ	O
	qualidade	NOUN	O
	.	PUNCT	O
	-	PUNCT	O
Sentence: 198	Fácil	PROPN	O
	de	SCONJ	O
	usar	VERB	O
	.	PUNCT	O
	-	PUNCT	O
Sentence: 199	Compacta	PROPN	O
	.	PUNCT	O
Sentence: 200	 	SPACE	O
	O	PRON	O
	que	PRON	O
	não	ADV	O
	gostei	VERB	O
	:	PUNCT	O
	-	PUNCT	O
	Alto	PROPN	O
	preço	NOUN	B-asp
	.	PUNCT	O
Sentence: 201	Otima	ADJ	O
	para	SCONJ	O
	quem	PRON	O
	esta	PRON	O
	começando	VERB	O
	no	ADP	O
	mundo	NOUN	O
	da	ADP	O
	fotografia	NOUN	B-asp
	,	PUNCT	O
	pois	SCONJ	O
	ela	PRON	O
	é	AUX	O
	de	ADP	O
	facil	ADJ	B-asp
	manuseio	NOUN	I-asp
	.	PUNCT	O
Sentence: 202	A	DET	O
	bateria	NOUN	B-asp
	pode	VERB	O
	não	ADV	O
	durar	VERB	O
	muito	ADV	O
	,	PUNCT	O
	mas	CCONJ	O
	tambem	PROPN	O
	com	ADP	O
	tantos	DET	O
	recursos	NOUN	B-asp
	...	PUNCT	O
Sentence: 203	Ainda	ADV	O
	não	ADV	O
	senti	VERB	O
	falta	NOUN	O
	dos	ADP	O
	recursos	NOUN	B-asp
	que	PRON	O
	ela	PRON	O
	não	ADV	O
	tem	VERB	O
	.	PUNCT	O
Sentence: 204	 	SPACE	O
	O	PRON	O
	que	PRON	O
	gostei	VERB	O
	:	PUNCT	O
	Qualidade	NOUN	O
	de	ADP	O
	imagens	NOUN	O
	Recursos	PROPN	O
	Preço	NOUN	O
	Ela	PRON	O
	praticamente	ADV	O
	faz	VERB	O
	tudo	PRON	O
	sozinha	ADJ	O
	 	SPACE	O
	O	PRON	O
	que	PRON	O
	não	ADV	O
	gostei	VERB	O
	:	PUNCT	O
	Bateria	NOUN	B-asp
	não	ADV	O
	dura	VERB	O
	,	PUNCT	O
	é	AUX	O
	necessario	ADJ	O
	ter	VERB	O
	bateria	NOUN	B-asp
	extra	ADJ	O
	se	PRON	O
	pretende	VERB	O
	cobrir	VERB	O
	um	DET	O
	event	NOUN	O
Sentence: 205	estou	AUX	O
	adorando	VERB	O
	a	DET	O
	minha	DET	O
	camera	NOUN	B-asp
	,	PUNCT	O
	pois	SCONJ	O
	as	DET	O
	imagens	NOUN	B-asp
	tem	VERB	O
	uma	DET	O
	ótima	ADJ	O
	nitidez	NOUN	B-asp
	.	PUNCT	O
Sentence: 206	 	SPACE	O
	O	PRON	O
	que	PRON	O
	gostei	VERB	O
	:	PUNCT	O
	era	AUX	O
	algo	PRON	O
	que	PRON	O
	 	SPACE	O
	realmente	ADV	O
	estava	AUX	O
	precisando	VERB	O
	...	PUNCT	O
Sentence: 207	linda	ADJ	B-asp
	,	PUNCT	O
	versátil	ADJ	B-asp
	e	CCONJ	O
	de	ADP	O
	fácil	ADJ	B-asp
	uso	NOUN	I-asp
	.	PUNCT	O
Sentence: 208	 	SPACE	O
	O	PRON	O
	que	PRON	O
	não	ADV	O
	gostei	VERB	O
	:	PUNCT	O
	não	ADV	O
	tenho	VERB	O
	nada	PRON	O
	contra	ADP	O
Sentence: 209	A	DET	O
	Sony	PROPN	O
	H9	PROPN	O
	é	AUX	O
	a	DET	O
	melhor	ADJ	O
	opção	NOUN	O
	de	ADP	O
	fotografia	NOUN	B-asp
	a	ADP	O
	baixo	ADJ	O
	custo	NOUN	B-asp
	,	PUNCT	O
	ótima	ADJ	O
	para	SCONJ	O
	fotografar	VERB	O
	natureza	NOUN	O
	,	PUNCT	O
	no	ADP	O
	meu	DET	O
	caso	NOUN	O
	pássaros	NOUN	O
	.	PUNCT	O
Sentence: 210	Uma	DET	O
	amadora	NOUN	O
	que	PRON	O
	parece	VERB	O
	profissional	ADJ	O
	.	PUNCT	O
Sentence: 211	O	DET	O
	melhor	ADJ	O
	zoom	NOUN	B-asp
	do	ADP	O
	mercado	NOUN	O
	.	PUNCT	O
Sentence: 212	Com	ADP	O
	ela	PRON	O
	vão	AUX	O
	olhar	VERB	O
	para	SCONJ	O
	você	PRON	O
	e	CCONJ	O
	dizer	VERB	O
	"	PUNCT	O
	rapaz	NOUN	O
	esta	DET	O
	máquina	NOUN	O
	bate	VERB	O
	cada	DET	O
	foto	NOUN	O
	!	PUNCT	O
	!	PUNCT	O
	!	PUNCT	O
	"	PUNCT	O
Sentence: 213	Como	ADV	O
	se	SCONJ	O
	ela	PRON	O
	batesse	VERB	O
	as	DET	O
	fotos	NOUN	O
	sozinhas	ADJ	O
	e	CCONJ	O
	não	ADV	O
	precisasse	VERB	O
	de	SCONJ	O
	você	PRON	O
	está	AUX	O
	lá	ADV	O
	....	PUNCT	O
	Esta	PRON	O
	é	AUX	O
	com	ADP	O
	certeza	NOUN	O
	a	ADP	O
	senssação	NOUN	O
	de	ADP	O
	todos	PRON	O
	que	PRON	O
	possuem	VERB	O
	uma	DET	O
	sony	PROPN	B-asp
	H9	PROPN	O
	.	PUNCT	O
Sentence: 214	 	SPACE	O
	O	PRON	O
	que	PRON	O
	gostei	VERB	O
	:	PUNCT	O
	A	DET	O
	melhor	ADJ	O
	opção	NOUN	O
	de	ADP	O
	fotografia	NOUN	B-asp
	a	ADP	O
	baixo	ADJ	O
	custo	NOUN	B-asp
	,	PUNCT	O
	ótima	ADJ	O
	para	SCONJ	O
	fotografar	VERB	O
	natureza	NOUN	O
	,	PUNCT	O
	no	ADP	O
	meu	DET	O
	caso	NOUN	O
	pássaros	NOUN	O
	.	PUNCT	O
Sentence: 215	O	DET	O
	melhor	ADJ	O
	zoom	NOUN	B-asp
	do	ADP	O
	mercado	NOUN	O
	.	PUNCT	O
Sentence: 216	 	SPACE	O
	O	PRON	O
	que	PRON	O
	não	ADV	O
	gostei	VERB	O
	:	PUNCT	O
	Pelo	ADP	O
	fato	NOUN	O
	de	SCONJ	O
	ser	AUX	O
	lançamento	NOUN	O
	ainda	ADV	O
	possui	VERB	O
	poucas	DET	O
	opções	NOUN	O
	de	ADP	O
	lentes	NOUN	B-asp
	auxiliares	ADJ	I-asp
	.	PUNCT	O
Sentence: 217	Produto	NOUN	O
	perfeito	ADJ	O
	com	ADP	O
	ultrazoom	PROPN	B-asp
	e	CCONJ	O
	ótima	ADJ	O
	qualidade	NOUN	B-asp
	de	ADP	I-asp
	imagem	NOUN	I-asp
	.	PUNCT	O
Sentence: 218	 	SPACE	O
	O	PRON	O
	que	PRON	O
	gostei	VERB	O
	:	PUNCT	O
	Rápida	ADV	O
	,	PUNCT	O
	com	ADP	O
	jeitão	NOUN	O
	de	ADP	O
	máquina	NOUN	O
	profissional	ADJ	O
	,	PUNCT	O
	diversos	DET	O
	presets	NOUN	B-asp
	,	PUNCT	O
	dá	VERB	O
	zoom	NOUN	O
	enquanto	ADV	O
	filma	VERB	O
	,	PUNCT	O
	possui	VERB	O
	nightshot	PROPN	B-asp
	,	PUNCT	O
	super	NOUN	O
	zoom	NOUN	O
	óptico	ADJ	O
	,	PUNCT	O
	ótima	ADJ	O
	qualidade	NOUN	B-asp
	de	ADP	I-asp
	imagem	NOUN	I-asp
	,	PUNCT	O
	ótimo	ADJ	O
	tempo	NOUN	O
	de	ADP	O
	resposta	NOUN	O
	do	ADP	O
	shutter	NOUN	O
	e	CCONJ	O
	display	NOUN	B-asp
	grande	ADJ	O
	que	PRON	O
	consegue	VERB	O
	ser	AUX	O
	usado	VERB	O
	mesmo	ADV	O
	na	ADP	O
	luz	NOUN	O
	natural	ADJ	O
	 	SPACE	O
	O	PRON	O
	que	PRON	O
	não	ADV	O
	gostei	VERB	O
	:	PUNCT	O
	Muitos	DET	O
	botões	NOUN	O
	muito	ADV	O
	próximos	ADJ	O
	,	PUNCT	O
	fácil	ADJ	O
	acioná-los	VERB	O
	sem	SCONJ	O
	querer	VERB	O
	.	PUNCT	O
Sentence: 219	Só	ADV	O
	usa	VERB	O
	acessórios	NOUN	B-asp
	proprietários	ADJ	O
	(	PUNCT	O
	originais	ADJ	O
	Sony	PROPN	O
	)	PUNCT	O
Sentence: 220	Muito	ADV	O
	boa	ADJ	O
	e	CCONJ	O
	um	DET	O
	otimo	ADJ	O
	custo	NOUN	B-asp
	beneficio	PROPN	I-asp
	alem	PROPN	O
	de	SCONJ	O
	usar	VERB	O
	cartoes	NOUN	B-asp
	de	ADP	I-asp
	mamoria	NOUN	I-asp
	do	ADP	O
	tipo	NOUN	O
	sd	PROPN	B-asp
	card	NOUN	I-asp
	q	PRON	O
	sao	AUX	O
	mais	ADV	O
	baratos	ADJ	O
	e	CCONJ	O
	muito	ADV	O
	compacta	ADJ	B-asp
	e	CCONJ	O
	elegante	ADJ	B-asp
	...	PUNCT	O
Sentence: 221	 	SPACE	O
	O	PRON	O
	que	PRON	O
	gostei	VERB	O
	:	PUNCT	O
	7	NUM	O
	megapixels	NOUN	B-asp
	zoom	NOUN	O
	otico	ADJ	O
	3x	NOUN	O
	+	NOUN	O
	8x	NOUN	O
	digital	ADJ	O
	total	ADJ	O
	24x	NUM	O
	cartao	X	O
	tipo	NOUN	O
	SD	PROPN	O
	card	PROPN	O
	,	PUNCT	O
	mais	ADV	O
	barato	ADJ	O
	q	PRON	O
	os	DET	O
	outros	DET	O
	Muito	ADV	O
	compacta	ADJ	B-asp
	e	CCONJ	O
	muito	ADV	O
	bonita	ADJ	B-asp
	Visor	NOUN	O
	2,5	NUM	O
	polegadas	NOUN	O
	 	SPACE	O
	O	PRON	O
	que	PRON	O
	não	ADV	O
	gostei	VERB	O
	:	PUNCT	O
	Nada	PRON	O
	ate	ADV	O
	o	DET	O
	momento	NOUN	O
	..	PUNCT	O
Sentence: 222	Por	ADP	O
	enquanto	ADV	O
	está	AUX	O
	tudo	PRON	O
	bem	ADV	O
	,	PUNCT	O
	as	DET	O
	fotos	NOUN	B-asp
	são	AUX	O
	boas	ADJ	O
	e	CCONJ	O
	vem	VERB	O
	com	ADP	O
	o	DET	O
	cartão	NOUN	B-asp
	de	ADP	I-asp
	memória	NOUN	I-asp
	.	PUNCT	O
Sentence: 223	A	DET	O
	câmera	NOUN	B-asp
	é	AUX	O
	de	ADP	O
	uso	NOUN	O
	doméstico	ADJ	O
	,	PUNCT	O
	tem	VERB	O
	menu	NOUN	B-asp
	com	ADP	O
	várias	DET	O
	opçoes	NOUN	O
	de	ADP	O
	foto	NOUN	O
	como	ADP	O
	fotos	NOUN	B-asp
	na	ADP	O
	água	NOUN	O
	,	PUNCT	O
	paisagens	NOUN	O
	,	PUNCT	O
	smile	NOUN	O
	schutter	PROPN	O
	,	PUNCT	O
	fotos	NOUN	B-asp
	com	ADP	O
	animais	NOUN	O
	e	CCONJ	O
	noturnas	ADJ	O
	.	PUNCT	O
Sentence: 224	 	SPACE	O
	O	PRON	O
	que	PRON	O
	gostei	VERB	O
	:	PUNCT	O
	Facilidade	NOUN	O
	em	SCONJ	O
	mexer	VERB	O
	e	CCONJ	O
	tirar	VERB	O
	as	DET	O
	fotos	NOUN	B-asp
	,	PUNCT	O
	com	ADP	O
	a	DET	O
	prática	NOUN	O
	é	AUX	O
	facil	ADJ	O
	de	SCONJ	O
	tirar	VERB	O
	as	DET	O
	fotos	NOUN	B-asp
	.	PUNCT	O
Sentence: 225	 	SPACE	O
	O	PRON	O
	que	PRON	O
	não	ADV	O
	gostei	VERB	O
	:	PUNCT	O
	Até	ADP	O
	agora	ADV	O
	nada	PRON	O
	.	PUNCT	O
Sentence: 226	Facilidade	NOUN	O
	no	ADP	O
	uso	NOUN	O
	,	PUNCT	O
	com	ADP	O
	certeza	NOUN	O
	a	DET	O
	melhor	ADJ	O
	máquina	NOUN	B-asp
	digital	ADJ	I-asp
	da	ADP	O
	categoria	NOUN	O
	.	PUNCT	O
Sentence: 227	Comparada	VERB	O
	com	ADP	O
	outras	DET	O
	ela	PRON	O
	sai	VERB	O
	na	ADP	O
	frente	NOUN	O
	por	ADP	O
	todos	DET	O
	os	DET	O
	recursos	NOUN	B-asp
	disponíveis	ADJ	O
	e	CCONJ	O
	fáceis	ADJ	O
	de	SCONJ	O
	acessar	VERB	O
	.	PUNCT	O
Sentence: 228	Além	ADV	O
	da	ADP	O
	ótima	ADJ	O
	resolução	NOUN	B-asp
	.	PUNCT	O
Sentence: 229	 	SPACE	O
	O	PRON	O
	que	PRON	O
	gostei	VERB	O
	:	PUNCT	O
	Disparo	NOUN	B-asp
	ultra-rápido	ADJ	O
	,	PUNCT	O
	tem	VERB	O
	sequencia	NOUN	O
	de	ADP	O
	3	NUM	O
	disparos	NOUN	O
	em	ADP	O
	1	NUM	O
	segundo	ADP	O
	.	PUNCT	O
Sentence: 230	Várias	DET	O
	funções	NOUN	O
	para	ADP	O
	cada	DET	O
	tipo	NOUN	O
	desejado	VERB	O
	de	ADP	O
	foto	NOUN	O
	.	PUNCT	O
Sentence: 231	 	SPACE	O
	O	PRON	O
	que	PRON	O
	não	ADV	O
	gostei	VERB	O
	:	PUNCT	O
	Diante	ADV	O
	de	ADP	O
	muita	DET	O
	luz	NOUN	O
	de	ADP	O
	fundo	NOUN	O
	,	PUNCT	O
	ela	PRON	O
	reflete	VERB	O
	um	DET	O
	pouco	ADV	O
	o	DET	O
	foco	NOUN	O
	principal	ADJ	O
	.	PUNCT	O
Sentence: 232	Porém	ADV	O
	,	PUNCT	O
	é	AUX	O
	possível	ADJ	O
	corrigir	VERB	O
	no	ADP	O
	computador	NOUN	O
	.	PUNCT	O
Sentence: 233	Estou	AUX	O
	impressionado	ADJ	O
	com	ADP	O
	a	DET	O
	camera	NOUN	B-asp
	.	PUNCT	O
Sentence: 234	Eu	PRON	O
	ja	INTJ	O
	tinha	VERB	O
	uma	DET	O
	DSC-W5	NOUN	O
	e	CCONJ	O
	preferi	VERB	O
	trocar	VERB	O
	por	ADP	O
	causa	NOUN	O
	do	ADP	O
	tamanho	NOUN	B-asp
	.	PUNCT	O
Sentence: 235	Nao	ADV	O
	se	PRON	O
	deixe	VERB	O
	levar	VERB	O
	pelas	ADP	O
	dimensoes	NOUN	O
	.	PUNCT	O
Sentence: 236	Ela	PRON	O
	é	AUX	O
	maravilhosa	ADJ	O
	.	PUNCT	O
Sentence: 237	Tem	VERB	O
	uma	DET	O
	qualidade	NOUN	B-asp
	de	ADP	I-asp
	imagem	NOUN	I-asp
	,	PUNCT	O
	cores	NOUN	B-asp
	e	CCONJ	O
	brilho	NOUN	O
	impressionantes	ADJ	O
	.	PUNCT	O
Sentence: 238	Nao	ADV	O
	se	PRON	O
	perde	VERB	O
	nenhum	DET	O
	detalhe	NOUN	O
	.	PUNCT	O
Sentence: 239	E	CCONJ	O
	com	ADP	O
	seu	DET	O
	tamanho	NOUN	B-asp
	reduzido	VERB	O
	pode	VERB	O
	ser	AUX	O
	levada	VERB	O
	a	ADP	O
	qualquer	DET	O
	lugar	NOUN	O
	com	ADP	O
	comodidade	NOUN	O
	.	PUNCT	O
Sentence: 240	Vc	PROPN	O
	está	AUX	O
	pronto	ADJ	O
	para	SCONJ	O
	tirar	VERB	O
	uma	DET	O
	foto	NOUN	O
	a	ADP	O
	qualquer	DET	O
	momento	NOUN	O
	.	PUNCT	O
Sentence: 241	Sem	SCONJ	O
	falar	VERB	O
	na	ADP	O
	duração	NOUN	O
	da	ADP	O
	bateria	NOUN	B-asp
	.	PUNCT	O
Sentence: 242	Bem	ADV	O
	mais	ADV	O
	duradura	VERB	O
	que	SCONJ	O
	as	DET	O
	pilhas	NOUN	O
	da	ADP	O
	DSC-W5	NOUN	O
	.	PUNCT	O
Sentence: 243	Resumindo	VERB	O
	:	PUNCT	O
	Uma	DET	O
	otima	ADJ	O
	compra	NOUN	O
	de	ADP	O
	um	DET	O
	excelente	ADJ	O
	produto	NOUN	B-asp
	.	PUNCT	O
Sentence: 244	Sem	ADP	O
	remorsos	NOUN	O
	.	PUNCT	O
Sentence: 245	 	SPACE	O
	O	PRON	O
	que	PRON	O
	gostei	VERB	O
	:	PUNCT	O
	-	PUNCT	O
	Excelente	ADJ	O
	qualidade	NOUN	B-asp
	de	ADP	I-asp
	imagem	NOUN	I-asp
	.	PUNCT	O
	-	PUNCT	O
Sentence: 246	Visor	NOUN	O
	muito	ADV	O
	bom	ADJ	O
	(	PUNCT	O
	2	NUM	O
	polegadas	NOUN	O
	)	PUNCT	O
	.	PUNCT	O
	-	PUNCT	O
Sentence: 247	Tamanho	NOUN	O
	compacto	ADJ	O
	.	PUNCT	O
	-	PUNCT	O
Sentence: 248	Duração	PROPN	O
	da	ADP	O
	Bateria	PROPN	O
	.	PUNCT	O
	-	PUNCT	O
Sentence: 249	Design	NOUN	O
	interessante	ADJ	O
	para	SCONJ	O
	colocar	VERB	O
	no	ADP	O
	bolso	NOUN	O
	da	ADP	O
	calça	NOUN	O
	.	PUNCT	O
Sentence: 250	 	SPACE	O
	O	PRON	O
	que	PRON	O
	não	ADV	O
	gostei	VERB	O
	:	PUNCT	O
	-	PUNCT	O
	É	AUX	O
	preciso	ADJ	O
	tirar	VERB	O
	foto	NOUN	O
	com	ADP	O
	as	DET	O
	2	NUM	O
	maos	NOUN	O
	para	ADP	O
	a	DET	O
	mesma	ADJ	O
	nao	ADV	O
	sair	VERB	O
	"	PUNCT	O
	tremida	NOUN	O
	"	PUNCT	O
	devido	ADV	O
	ao	ADP	O
	tamanho	NOUN	B-asp
	reduzido	VERB	O
	da	ADP	O
	camera	NOUN	B-asp
	.	PUNCT	O
	-	PUNCT	O
Sentence: 251	A	DET	O
	bateria	NOUN	B-asp
	é	AUX	O
	recarregada	VERB	O
	na	ADP	O
	propria	NOUN	O
	camera	NOUN	B-asp
	,	PUNCT	O
	como	ADP	O
	um	DET	O
	celular	NOUN	O
	.	PUNCT	O
	-	PUNCT	O
Sentence: 252	Capacidade	NOUN	O
	do	ADP	O
	Memory	PROPN	O
	Stick	PROPN	O
	que	PRON	O
	acompanha	VERB	O
	a	DET	O
	camera	NOUN	B-asp
	é	AUX	O
	pequena	ADJ	O
	(	PUNCT	O
	32Mb	NUM	O
	)	PUNCT	O
Sentence: 253	É	AUX	O
	uma	DET	O
	máquina	NOUN	B-asp
	excelente	ADJ	O
	,	PUNCT	O
	compacta	ADJ	B-asp
	mas	CCONJ	O
	com	ADP	O
	muitos	DET	O
	recursos	NOUN	B-asp
	,	PUNCT	O
	tem	VERB	O
	muito	ADV	O
	a	SCONJ	O
	oferecer	VERB	O
	para	SCONJ	O
	quem	PRON	O
	gosta	VERB	O
	de	ADP	O
	fotografia	NOUN	B-asp
	,	PUNCT	O
	com	ADP	O
	a	DET	O
	praticidade	NOUN	B-asp
	do	ADP	O
	armazenamento	NOUN	B-asp
	digital	ADJ	O
	das	ADP	O
	imagens	NOUN	B-asp
	.	PUNCT	O
Sentence: 254	Tem	VERB	O
	menu	NOUN	B-asp
	em	ADP	O
	português	NOUN	O
	.	PUNCT	O
Sentence: 255	A	DET	O
	tecnologia	NOUN	O
	empregada	VERB	O
	no	ADP	O
	produto	NOUN	B-asp
	proporciona	VERB	O
	excelentes	ADJ	O
	imagens	NOUN	B-asp
	que	PRON	O
	podem	VERB	O
	ser	AUX	O
	conferidas	VERB	O
	no	ADP	O
	amplo	ADJ	O
	visor	NOUN	B-asp
	de	ADP	O
	2,5	NUM	O
	polegadas	NOUN	O
	aliado	VERB	O
	com	ADP	O
	o	DET	O
	recurso	NOUN	O
	de	ADP	O
	zoom	NOUN	B-asp
	reproduz	VERB	O
	fielmente	ADV	O
	o	DET	O
	resultado	NOUN	O
	final	ADJ	O
	.	PUNCT	O
Sentence: 256	A	DET	O
	mesma	ADJ	O
	qualidade	NOUN	O
	que	PRON	O
	se	PRON	O
	vê	VERB	O
	na	ADP	O
	tela	NOUN	B-asp
	pode	VERB	O
	ser	AUX	O
	conferida	VERB	O
	nas	ADP	O
	fotos	NOUN	O
	reveladas	VERB	O
	em	ADP	O
	papel	NOUN	O
	.	PUNCT	O
Sentence: 257	Vale	VERB	O
	a	DET	O
	pena	NOUN	O
	o	DET	O
	investimento	NOUN	B-asp
	,	PUNCT	O
	que	PRON	O
	nem	ADV	O
	é	AUX	O
	tão	ADV	O
	alto	ADJ	O
	assim	ADV	O
	.	PUNCT	O
Sentence: 258	Recomendo	VERB	O
	o	DET	O
	produto	NOUN	B-asp
	,	PUNCT	O
	estou	AUX	O
	muito	ADV	O
	satisfeito	ADJ	O
	.	PUNCT	O
Sentence: 259	 	SPACE	O
	O	PRON	O
	que	PRON	O
	gostei	VERB	O
	:	PUNCT	O
	Fácil	ADJ	O
	manuseio	PROPN	O
	,	PUNCT	O
	versátil	ADJ	B-asp
	,	PUNCT	O
	muitos	PRON	O
	e	CCONJ	O
	bons	ADJ	O
	recursos	NOUN	B-asp
	de	ADP	I-asp
	edição	NOUN	I-asp
	.	PUNCT	O
Sentence: 260	Processador	NOUN	O
	rápido	ADJ	O
	e	CCONJ	O
	eficiente	ADJ	O
	produz	VERB	O
	ótimas	ADJ	O
	fotos	NOUN	O
	.	PUNCT	O
Sentence: 261	A	DET	O
	lente	NOUN	O
	(	PUNCT	O
	básica	ADJ	O
	!	PUNCT	O
	!	PUNCT	O
	)	PUNCT	O
Sentence: 262	tem	VERB	O
	um	DET	O
	ótimo	ADJ	O
	foco	NOUN	B-asp
	automático	ADJ	O
	com	ADP	O
	resposta	NOUN	O
	muito	ADV	O
	rápida	ADJ	O
	,	PUNCT	O
	possibilita	VERB	O
	fotos	NOUN	O
	de	ADP	O
	movimento	NOUN	O
	e	CCONJ	O
	instantâneos	NOUN	O
	inimagináveis	ADJ	O
	em	ADP	O
	câmeras	NOUN	O
	digitais	ADJ	O
	comuns	ADJ	O
	.	PUNCT	O
Sentence: 263	O	DET	O
	flash	NOUN	B-asp
	é	AUX	O
	notável	ADJ	O
	.	PUNCT	O
Sentence: 264	 	SPACE	O
	O	PRON	O
	que	PRON	O
	não	ADV	O
	gostei	VERB	O
	:	PUNCT	O
	O	DET	O
	imposto	NOUN	O
	de	ADP	O
	importação	NOUN	O
	.	PUNCT	O
Sentence: 265	Com	ADP	O
	a	DET	O
	H10	PROPN	O
	você	PRON	O
	terá	VERB	O
	as	DET	O
	vantagens	NOUN	O
	de	ADP	O
	uma	DET	O
	câmera	NOUN	B-asp
	amadora	ADJ	O
	avançada	VERB	O
	,	PUNCT	O
	como	ADP	O
	zoom	NOUN	B-asp
	óptico	ADJ	O
	melhor	ADJ	O
	e	CCONJ	O
	de	ADP	O
	maior	ADJ	O
	alcance	NOUN	O
	,	PUNCT	O
	podendo	VERB	O
	inclusive	ADV	O
	acoplar	VERB	O
	outras	DET	O
	lentes	NOUN	O
	ao	ADP	O
	modelo	NOUN	O
	e	CCONJ	O
	ao	ADP	O
	mesmo	ADJ	O
	tempo	NOUN	O
	ter	VERB	O
	em	ADP	O
	mãos	NOUN	O
	uma	DET	O
	câmera	NOUN	B-asp
	de	ADP	O
	medidas	NOUN	B-asp
	pequenas	ADJ	O
	.	PUNCT	O
Sentence: 266	 	SPACE	O
	O	PRON	O
	que	PRON	O
	gostei	VERB	O
	:	PUNCT	O
	Tem	VERB	O
	8	NUM	O
	Megapixels	NOUN	O
	O	DET	O
	Zoom	PROPN	O
	Digital	PROPN	O
	é	AUX	O
	de	ADP	O
	20X	PROPN	O
	Possui	VERB	O
	o	DET	O
	Zoom	PROPN	O
	óptico	ADJ	O
	de	ADP	O
	10X	NOUN	O
	Suporta	PROPN	O
	memória	NOUN	B-asp
	acima	ADV	O
	de	ADP	O
	16	NUM	O
	GB	NOUN	O
	.	PUNCT	O
Sentence: 267	Ele	PRON	O
	grava	VERB	O
	vídeo	NOUN	B-asp
	.	PUNCT	O
Sentence: 268	Tem	VERB	O
	redução	NOUN	B-asp
	de	ADP	I-asp
	olhos	NOUN	I-asp
	vermelhos	ADJ	I-asp
	.	PUNCT	O
Sentence: 269	 	SPACE	O
	O	PRON	O
	que	PRON	O
	não	ADV	O
	gostei	VERB	O
	:	PUNCT	O
	Pelo	ADP	O
	preço	NOUN	B-asp
	poderia	VERB	O
	ter	VERB	O
	mais	DET	O
	recursos	NOUN	B-asp
	,	PUNCT	O
	com	ADP	O
	por	ADP	O
	exemplo	NOUN	O
	o	DET	O
	reconhecimento	NOUN	B-asp
	facial	ADJ	I-asp
	.	PUNCT	O
Sentence: 270	muito	ADV	O
	bom	ADJ	O
	produto	NOUN	B-asp
	,	PUNCT	O
	recomendo	VERB	O
	,	PUNCT	O
	tem	VERB	O
	ótima	ADJ	O
	relação	NOUN	O
	custo	NOUN	B-asp
	beneficio	NOUN	O
	 	SPACE	O
	O	PRON	O
	que	PRON	O
	gostei	VERB	O
	:	PUNCT	O
	função	NOUN	B-asp
	de	ADP	O
	seleção	NOUN	O
	automatica	ADJ	O
	de	ADP	O
	modo	NOUN	B-asp
	de	ADP	I-asp
	imagem	NOUN	I-asp
	 	SPACE	O
	O	PRON	O
	que	PRON	O
	não	ADV	O
	gostei	VERB	O
	:	PUNCT	O
	o	DET	O
	modo	NOUN	B-asp
	noite	NOUN	I-asp
	não	ADV	O
	é	AUX	O
	bom	ADJ	O
Sentence: 271	Câmera	NOUN	O
	excelente	ADJ	O
	,	PUNCT	O
	faz	VERB	O
	boa	ADJ	O
	fotografias	NOUN	O
	com	ADP	O
	essa	DET	O
	resolução	NOUN	B-asp
	e	CCONJ	O
	zoom	NOUN	B-asp
	,	PUNCT	O
	idela	NOUN	O
	para	ADP	O
	uso	NOUN	O
	semi-profissional	ADJ	O
	.	PUNCT	O
Sentence: 272	 	SPACE	O
	O	PRON	O
	que	PRON	O
	gostei	VERB	O
	:	PUNCT	O
	Zoom	PROPN	O
	potente	ADJ	O
	,	PUNCT	O
	resolução	NOUN	B-asp
	boa	ADJ	O
	 	SPACE	O
	O	PRON	O
	que	PRON	O
	não	ADV	O
	gostei	VERB	O
	:	PUNCT	O
	Não	ADV	O
	encontrei	VERB	O
	!	PUNCT	O
